nhanesfull.csv:998,\questionnaire\pharmaceutical\99999\,,TEXT,
nhanesfull.csv:1035,\questionnaire\pharmaceutical\ACETAMINOPHEN__CODEINE\,,TEXT,
nhanesfull.csv:352,\questionnaire\pharmaceutical\ACETAMINOPHEN__CODEINE_PHOSPHATE\,,NUMERIC,
nhanesfull.csv:983,\questionnaire\pharmaceutical\ACETAMINOPHEN__HYDROCODONE\,,TEXT,
nhanesfull.csv:342,\questionnaire\pharmaceutical\ACETAMINOPHEN__HYDROCODONE_BITARTRATE\,,NUMERIC,
nhanesfull.csv:1053,\questionnaire\pharmaceutical\ACETAMINOPHEN__OXYCODONE\,,TEXT,
nhanesfull.csv:972,\questionnaire\pharmaceutical\ACETAMINOPHEN__OXYCODONE_HYDROCHLORIDE\,,TEXT,
nhanesfull.csv:1001,\questionnaire\pharmaceutical\ACETAMINOPHEN__PROPOXYPHENE\,,TEXT,
nhanesfull.csv:339,\questionnaire\pharmaceutical\ACETAMINOPHEN__PROPOXYPHENE_NAPSYLATE\,,NUMERIC,
nhanesfull.csv:1169,\demographics\AGE\,,NUMERIC,
nhanesfull.csv:452,\questionnaire\pharmaceutical\age_started_birth_control\,,NUMERIC,
nhanesfull.csv:451,\questionnaire\pharmaceutical\age_stopped_birth_control\,,NUMERIC,
nhanesfull.csv:653,\questionnaire\supplement use\ALANINE_mg\,,NUMERIC,
nhanesfull.csv:296,\questionnaire\pharmaceutical\ALBUTEROL\,,NUMERIC,
nhanesfull.csv:1025,\questionnaire\pharmaceutical\ALBUTEROL__IPRATROPIUM\,,TEXT,
nhanesfull.csv:654,\questionnaire\supplement use\ALCOHOL_PERCENT\,,NUMERIC,
nhanesfull.csv:990,\questionnaire\pharmaceutical\ALENDRONATE\,,TEXT,
nhanesfull.csv:365,\questionnaire\pharmaceutical\ALENDRONATE_SODIUM\,,NUMERIC,
nhanesfull.csv:371,\questionnaire\pharmaceutical\ALLOPURINOL\,,NUMERIC,
nhanesfull.csv:1125,\questionnaire\supplement use\ALPHA_TOCOPHEROL_IU\,,TEXT,
nhanesfull.csv:1130,\questionnaire\supplement use\ALPHA_TOCOPHEROL_mg\,,TEXT,
nhanesfull.csv:690,\questionnaire\supplement use\ALPHA_TOCOPHEROL_NA\,,NUMERIC,
nhanesfull.csv:357,\questionnaire\pharmaceutical\ALPRAZOLAM\,,NUMERIC,
nhanesfull.csv:1017,\questionnaire\pharmaceutical\AMITRIPTYLINE\,,TEXT,
nhanesfull.csv:364,\questionnaire\pharmaceutical\AMITRIPTYLINE_HYDROCHLORIDE\,,NUMERIC,
nhanesfull.csv:982,\questionnaire\pharmaceutical\AMLODIPINE\,,TEXT,
nhanesfull.csv:1002,\questionnaire\pharmaceutical\AMLODIPINE__BENAZEPRIL\,,TEXT,
nhanesfull.csv:302,\questionnaire\pharmaceutical\AMLODIPINE_BESYLATE\,,NUMERIC,
nhanesfull.csv:298,\questionnaire\pharmaceutical\AMOXICILLIN\,,NUMERIC,
nhanesfull.csv:1026,\questionnaire\pharmaceutical\AMOXICILLIN__CLAVULANATE\,,TEXT,
nhanesfull.csv:345,\questionnaire\pharmaceutical\AMOXICILLIN_TRIHYDRATE__CLAVULANATE_POTASSIUM\,,NUMERIC,
nhanesfull.csv:1047,\questionnaire\pharmaceutical\AMPHETAMINE__DEXTROAMPHETAMINE\,,TEXT,
nhanesfull.csv:967,\questionnaire\pharmaceutical\AMPHETAMINE_ASPARTATE__AMPHETAMINE_SULFATE__DEXTROAMPHETAMINE_SACCHARATE__DEXTROAMPHETAMINE_SULFATE\,,TEXT,
nhanesfull.csv:378,\questionnaire\pharmaceutical\ANTIBIOTIC_UNSPECIFIED\,,NUMERIC,
nhanesfull.csv:1162,\questionnaire\disease\any_cad\,,NUMERIC,
nhanesfull.csv:729,\questionnaire\disease\Any cancer or malignancy?\,,NUMERIC,
nhanesfull.csv:1159,\questionnaire\disease\any_chronic_disease\,,NUMERIC,
nhanesfull.csv:696,\questionnaire\disease\Any Diabetes (FBG >= 126 mg/dL or self-report)\,,NUMERIC,
nhanesfull.csv:730,\questionnaire\disease\Any family with heart attack or angina?\,,NUMERIC,
nhanesfull.csv:697,\questionnaire\disease\Any Hypertension? (BP >= 139/90 or self report)\,,NUMERIC,
nhanesfull.csv:478,\questionnaire\social support\anyone_to_help_social\,,NUMERIC,
nhanesfull.csv:1157,\demographics\area\,,TEXT,
nhanesfull.csv:1110,\questionnaire\supplement use\ARGININE_gm\,,TEXT,
nhanesfull.csv:655,\questionnaire\supplement use\ARGININE_mg\,,NUMERIC,
nhanesfull.csv:353,\questionnaire\pharmaceutical\ASPIRIN\,,NUMERIC,
nhanesfull.csv:306,\questionnaire\pharmaceutical\ATENOLOL\,,NUMERIC,
nhanesfull.csv:979,\questionnaire\pharmaceutical\ATORVASTATIN\,,TEXT,
nhanesfull.csv:301,\questionnaire\pharmaceutical\ATORVASTATIN_CALCIUM\,,NUMERIC,
nhanesfull.csv:1041,\questionnaire\pharmaceutical\AZITHROMYCIN\,,TEXT,
nhanesfull.csv:368,\questionnaire\pharmaceutical\AZITHROMYCIN_DIHYDRATE\,,NUMERIC,
nhanesfull.csv:343,\questionnaire\pharmaceutical\BECLOMETHASONE_DIPROPIONATE\,,NUMERIC,
nhanesfull.csv:1031,\questionnaire\pharmaceutical\BENAZEPRIL\,,TEXT,
nhanesfull.csv:354,\questionnaire\pharmaceutical\BENAZEPRIL_HYDROCHLORIDE\,,NUMERIC,
nhanesfull.csv:1128,\questionnaire\supplement use\BETA_CAROTENE__\,,TEXT,
nhanesfull.csv:658,\questionnaire\supplement use\BETA_CAROTENE_IU\,,NUMERIC,
nhanesfull.csv:660,\questionnaire\supplement use\BETA_CAROTENE_mcg\,,NUMERIC,
nhanesfull.csv:659,\questionnaire\supplement use\BETA_CAROTENE_mg\,,NUMERIC,
nhanesfull.csv:1111,\questionnaire\supplement use\BETA_CAROTENE_Unknown\,,TEXT,
nhanesfull.csv:699,\questionnaire\disease\bladder_cancer_self_report\,,NUMERIC,
nhanesfull.csv:700,\questionnaire\disease\blood_cancer_self_report\,,NUMERIC,
nhanesfull.csv:615,\examination\body measures\Body Mass Index (kg/m**2)\,,NUMERIC,
nhanesfull.csv:617,\examination\body measures\Maximal Calf Circumference (cm)\,,NUMERIC,
nhanesfull.csv:613,\examination\body measures\Head Circumference (cm)\,,NUMERIC,
nhanesfull.csv:614,\examination\body measures\Standing Height (cm)\,,NUMERIC,
nhanesfull.csv:616,\examination\body measures\Upper Leg Length (cm)\,,NUMERIC,
nhanesfull.csv:612,\examination\body measures\Recumbent Length (cm)\,,NUMERIC,
nhanesfull.csv:621,\examination\body measures\Subscapular Skinfold (mm)\,,NUMERIC,
nhanesfull.csv:619,\examination\body measures\Thigh Circumference (cm)\,,NUMERIC,
nhanesfull.csv:620,\examination\body measures\Triceps Skinfold (mm)\,,NUMERIC,
nhanesfull.csv:618,\examination\body measures\Waist Circumference (cm)\,,NUMERIC,
nhanesfull.csv:611,\examination\body measures\Weight (kg)\,,NUMERIC,
nhanesfull.csv:701,\questionnaire\disease\bone_cancer_self_report\,,NUMERIC,
nhanesfull.csv:622,\examination\blood pressure\60 sec HR (30 sec HR * 2)\,,NUMERIC,
nhanesfull.csv:640,\examination\blood pressure\60 sec. pulse (30 sec. pulse * 2):\,,NUMERIC,
nhanesfull.csv:702,\questionnaire\disease\brain_cancer_self_report\,,NUMERIC,
nhanesfull.csv:703,\questionnaire\disease\breast_cancer_self_report\,,NUMERIC,
nhanesfull.csv:962,\questionnaire\pharmaceutical\BUDESONIDE\,,TEXT,
nhanesfull.csv:1015,\questionnaire\pharmaceutical\BUPROPION\,,TEXT,
nhanesfull.csv:348,\questionnaire\pharmaceutical\BUPROPION_HYDROCHLORIDE\,,NUMERIC,
nhanesfull.csv:698,\questionnaire\disease\Any CAD (self report)\,,NUMERIC,
nhanesfull.csv:661,\questionnaire\supplement use\CAFFEINE_mg\,,NUMERIC,
nhanesfull.csv:662,\questionnaire\supplement use\CALCIUM_mg\,,NUMERIC,
nhanesfull.csv:663,\questionnaire\supplement use\CALCIUM_PPM\,,NUMERIC,
nhanesfull.csv:1112,\questionnaire\supplement use\CALCIUM_Trace\,,TEXT,
nhanesfull.csv:1113,\questionnaire\supplement use\CALCIUM_Unknown\,,TEXT,
nhanesfull.csv:363,\questionnaire\pharmaceutical\CAPTOPRIL\,,NUMERIC,
nhanesfull.csv:1033,\questionnaire\pharmaceutical\CARVEDILOL\,,TEXT,
nhanesfull.csv:323,\questionnaire\pharmaceutical\CELECOXIB\,,NUMERIC,
nhanesfull.csv:349,\questionnaire\pharmaceutical\CEPHALEXIN\,,NUMERIC,
nhanesfull.csv:704,\questionnaire\disease\cervix_cacner_self_report\,,NUMERIC,
nhanesfull.csv:985,\questionnaire\pharmaceutical\CETIRIZINE\,,TEXT,
nhanesfull.csv:329,\questionnaire\pharmaceutical\CETIRIZINE_HYDROCHLORIDE\,,NUMERIC,
nhanesfull.csv:192,\questionnaire\cognitive functioning\Exercises Finished\,,NUMERIC,
nhanesfull.csv:128,\questionnaire\cognitive functioning\Exercises Correct\,,NUMERIC,
nhanesfull.csv:664,\questionnaire\supplement use\CHOLESTEROL_mg\,,NUMERIC,
nhanesfull.csv:1158,\questionnaire\disease\chronic_disease_count\,,NUMERIC,
nhanesfull.csv:695,\questionnaire\smoking behavior\Current Cigarette Smoker?\,,NUMERIC,
nhanesfull.csv:380,\questionnaire\pharmaceutical\CIMETIDINE_HYDROCHLORIDE\,,NUMERIC,
nhanesfull.csv:1023,\questionnaire\pharmaceutical\CITALOPRAM\,,TEXT,
nhanesfull.csv:959,\questionnaire\pharmaceutical\CITALOPRAM_HYDROBROMIDE\,,TEXT,
nhanesfull.csv:379,\questionnaire\pharmaceutical\CLARITHROMYCIN\,,NUMERIC,
nhanesfull.csv:1051,\questionnaire\pharmaceutical\CLONAZEPAM\,,TEXT,
nhanesfull.csv:351,\questionnaire\pharmaceutical\CLONIDINE\,,NUMERIC,
nhanesfull.csv:993,\questionnaire\pharmaceutical\CLOPIDOGREL\,,TEXT,
nhanesfull.csv:960,\questionnaire\pharmaceutical\CLOPIDOGREL_BISULFATE\,,TEXT,
nhanesfull.csv:705,\questionnaire\disease\colon_cancer_self_report\,,NUMERIC,
nhanesfull.csv:1081,\questionnaire\food component recall\Community Water Supply\,,TEXT,
nhanesfull.csv:997,\questionnaire\pharmaceutical\CONJUGATED_ESTROGENS\,,TEXT,
nhanesfull.csv:665,\questionnaire\supplement use\COPPER_mg\,,NUMERIC,
nhanesfull.csv:1114,\questionnaire\supplement use\COPPER_Trace\,,TEXT,
nhanesfull.csv:1115,\questionnaire\supplement use\COPPER_Unknown\,,TEXT,
nhanesfull.csv:385,\questionnaire\pharmaceutical\CROMOLYN_SODIUM\,,NUMERIC,
nhanesfull.csv:740,\questionnaire\disease\Current asthma?\,,NUMERIC,
nhanesfull.csv:408,\questionnaire\occupation\current_loud_noise\,,NUMERIC,
nhanesfull.csv:731,\questionnaire\smoking behavior\Current or Past Cigarette Smoker?\,,NUMERIC,
nhanesfull.csv:624,\examination\physical fitness\Estimated VO2max (ml/kg/min)\,,NUMERIC,
nhanesfull.csv:635,\examination\physical fitness\Recovery 1 diastolic BP (mm Hg)\,,NUMERIC,
nhanesfull.csv:633,\examination\physical fitness\Recovery 1 heart rate (per min)\,,NUMERIC,
nhanesfull.csv:634,\examination\physical fitness\Recovery 1 systolic BP (mm Hg)\,,NUMERIC,
nhanesfull.csv:638,\examination\physical fitness\Recovery 2 diastolic BP (mm Hg)\,,NUMERIC,
nhanesfull.csv:636,\examination\physical fitness\Recovery 2 heart rate (per min)\,,NUMERIC,
nhanesfull.csv:637,\examination\physical fitness\Recovery 2 systolic BP (mm Hg)\,,NUMERIC,
nhanesfull.csv:629,\examination\physical fitness\Stage 1 diastolic BP (mm Hg)\,,NUMERIC,
nhanesfull.csv:627,\examination\physical fitness\Stage 1 heart rate (per min)\,,NUMERIC,
nhanesfull.csv:628,\examination\physical fitness\Stage 1 systolic BP (mm Hg)\,,NUMERIC,
nhanesfull.csv:632,\examination\physical fitness\Stage 2 diastolic BP (mm Hg)\,,NUMERIC,
nhanesfull.csv:630,\examination\physical fitness\Stage 2 heart rate (per min)\,,NUMERIC,
nhanesfull.csv:631,\examination\physical fitness\Stage 2 systolic BP (mm Hg)\,,NUMERIC,
nhanesfull.csv:623,\examination\physical fitness\Predicted VO2max (ml/kg/min)\,,NUMERIC,
nhanesfull.csv:1011,\questionnaire\pharmaceutical\CYCLOBENZAPRINE\,,TEXT,
nhanesfull.csv:389,\questionnaire\pharmaceutical\CYCLOBENZAPRINE_HYDROCHLORIDE\,,NUMERIC,
nhanesfull.csv:666,\questionnaire\supplement use\CYSTINE_mg\,,NUMERIC,
nhanesfull.csv:1058,\questionnaire\food component recall\How often add salt to food at table\,,TEXT,
nhanesfull.csv:1059,\questionnaire\food component recall\Type of salt used at table\,,TEXT,
nhanesfull.csv:1054,\questionnaire\sun exposure\# of times in past yr you had a sunburn\,,TEXT,
nhanesfull.csv:1016,\questionnaire\pharmaceutical\DESLORATADINE\,,TEXT,
nhanesfull.csv:395,\questionnaire\pharmaceutical\DIAZEPAM\,,NUMERIC,
nhanesfull.csv:1131,\questionnaire\supplement use\DIETARY_FIBER_mg\,,TEXT,
nhanesfull.csv:313,\questionnaire\pharmaceutical\DIGOXIN\,,NUMERIC,
nhanesfull.csv:996,\questionnaire\pharmaceutical\DILTIAZEM\,,TEXT,
nhanesfull.csv:317,\questionnaire\pharmaceutical\DILTIAZEM_HYDROCHLORIDE\,,NUMERIC,
nhanesfull.csv:381,\questionnaire\pharmaceutical\DIVALPROEX_SODIUM\,,NUMERIC,
nhanesfull.csv:1165,\demographics\DMDBORN\,,NUMERIC,
nhanesfull.csv:1163,\demographics\DMDMARTL\,,NUMERIC,
nhanesfull.csv:1032,\questionnaire\pharmaceutical\DOXAZOSIN\,,TEXT,
nhanesfull.csv:328,\questionnaire\pharmaceutical\DOXAZOSIN_MESYLATE\,,NUMERIC,
nhanesfull.csv:1082,\questionnaire\food component recall\Total plain water drank yesterday (gm)\,,TEXT,
nhanesfull.csv:1083,\questionnaire\food component recall\Total tap water drank yesterday (gm)\,,TEXT,
nhanesfull.csv:1099,\questionnaire\food component recall\Total tap water drank yesterday (gm)\,,TEXT,
nhanesfull.csv:1084,\questionnaire\food component recall\Total bottled water drank yesterday (gm)\,,TEXT,
nhanesfull.csv:1085,\questionnaire\food component recall\Plain carbonated water (gm)\,,TEXT,
nhanesfull.csv:1060,\questionnaire\food component recall\Alpha-carotene (mcg)\,,TEXT,
nhanesfull.csv:491,\questionnaire\food component recall\Alcohol (gm)\,,NUMERIC,
nhanesfull.csv:1086,\questionnaire\food component recall\Added alpha-tocopherol (Vitamin E) (mg)\,,TEXT,
nhanesfull.csv:1061,\questionnaire\food component recall\Vitamin E as alpha-tocopherol (mg)\,,TEXT,
nhanesfull.csv:1087,\questionnaire\food component recall\Added vitamin B12 (mcg)\,,TEXT,
nhanesfull.csv:1062,\questionnaire\food component recall\Beta-carotene (mcg)\,,TEXT,
nhanesfull.csv:492,\questionnaire\food component recall\Caffeine (mg)\,,NUMERIC,
nhanesfull.csv:493,\questionnaire\food component recall\Calcium (mg)\,,NUMERIC,
nhanesfull.csv:494,\questionnaire\food component recall\Carbohydrate (gm)\,,NUMERIC,
nhanesfull.csv:495,\questionnaire\food component recall\Carotene\,,NUMERIC,
nhanesfull.csv:1100,\questionnaire\food component recall\Total choline (mg)\,,TEXT,
nhanesfull.csv:496,\questionnaire\food component recall\Cholesterol (mg)\,,NUMERIC,
nhanesfull.csv:497,\questionnaire\food component recall\Copper (mg)\,,NUMERIC,
nhanesfull.csv:1063,\questionnaire\food component recall\Beta-cryptoxanthin (mcg)\,,TEXT,
nhanesfull.csv:1064,\questionnaire\food component recall\Folic acid (mcg)\,,TEXT,
nhanesfull.csv:1065,\questionnaire\food component recall\Folate, DFE (mcg)\,,TEXT,
nhanesfull.csv:1066,\questionnaire\food component recall\Food folate (mcg)\,,TEXT,
nhanesfull.csv:498,\questionnaire\food component recall\Dietary fiber (gm)\,,NUMERIC,
nhanesfull.csv:499,\questionnaire\food component recall\Iron (mg)\,,NUMERIC,
nhanesfull.csv:500,\questionnaire\food component recall\Energy (kcal)\,,NUMERIC,
nhanesfull.csv:1067,\questionnaire\food component recall\Lycopene (mcg)\,,TEXT,
nhanesfull.csv:1068,\questionnaire\food component recall\Lutein \ zeaxanthin (mcg)\,,TEXT,
nhanesfull.csv:501,\questionnaire\food component recall\MFA 16:1 (Hexadecenoic) (gm)\,,NUMERIC,
nhanesfull.csv:502,\questionnaire\food component recall\MFA 18:1 (Octadecenoic) (gm)\,,NUMERIC,
nhanesfull.csv:503,\questionnaire\food component recall\MFA 20:1 (Eicosenoic) (gm)\,,NUMERIC,
nhanesfull.csv:504,\questionnaire\food component recall\MFA 22:1 (Docosenoic) (gm)\,,NUMERIC,
nhanesfull.csv:505,\questionnaire\food component recall\Magnesium (mg)\,,NUMERIC,
nhanesfull.csv:506,\questionnaire\food component recall\Total monounsaturated fatty acids (gm)\,,NUMERIC,
nhanesfull.csv:1069,\questionnaire\food component recall\Moisture (gm)\,,TEXT,
nhanesfull.csv:507,\questionnaire\food component recall\Niacin (mg)\,,NUMERIC,
nhanesfull.csv:508,\questionnaire\food component recall\PFA 18:2 (Octadecadienoic) (gm)\,,NUMERIC,
nhanesfull.csv:509,\questionnaire\food component recall\PFA 18:3 (Octadecatrienoic) (gm)\,,NUMERIC,
nhanesfull.csv:510,\questionnaire\food component recall\PFA 18:4 (Octadecatetraenoic) (gm)\,,NUMERIC,
nhanesfull.csv:511,\questionnaire\food component recall\PFA 20:4 (Eicosatetraenoic) (gm)\,,NUMERIC,
nhanesfull.csv:512,\questionnaire\food component recall\PFA 20:5 (Eicosapentaenoic) (gm)\,,NUMERIC,
nhanesfull.csv:513,\questionnaire\food component recall\PFA 22:5 (Docosapentaenoic) (gm)\,,NUMERIC,
nhanesfull.csv:514,\questionnaire\food component recall\PFA 22:6 (Docosahexaenoic) (gm)\,,NUMERIC,
nhanesfull.csv:515,\questionnaire\food component recall\Total polyunsaturated fatty acids (gm)\,,NUMERIC,
nhanesfull.csv:516,\questionnaire\food component recall\Phosphorus (mg)\,,NUMERIC,
nhanesfull.csv:517,\questionnaire\food component recall\Potassium (mg)\,,NUMERIC,
nhanesfull.csv:518,\questionnaire\food component recall\Protein (gm)\,,NUMERIC,
nhanesfull.csv:1070,\questionnaire\food component recall\Retinol (mcg)\,,TEXT,
nhanesfull.csv:519,\questionnaire\food component recall\SFA 4:0 (Butanoic) (gm)\,,NUMERIC,
nhanesfull.csv:520,\questionnaire\food component recall\SFA 6:0 (Hexanoic) (gm)\,,NUMERIC,
nhanesfull.csv:521,\questionnaire\food component recall\SFA 8:0 (Octanoic) (gm)\,,NUMERIC,
nhanesfull.csv:522,\questionnaire\food component recall\SFA 10:0 (Decanoic) (gm)\,,NUMERIC,
nhanesfull.csv:523,\questionnaire\food component recall\SFA 12:0 (Dodecanoic) (gm)\,,NUMERIC,
nhanesfull.csv:524,\questionnaire\food component recall\SFA 14:0 (Tetradecanoic) (gm)\,,NUMERIC,
nhanesfull.csv:525,\questionnaire\food component recall\SFA 16:0 (Hexadecanoic) (gm)\,,NUMERIC,
nhanesfull.csv:526,\questionnaire\food component recall\SFA 18:0 (Octadecanoic) (gm)\,,NUMERIC,
nhanesfull.csv:527,\questionnaire\food component recall\Selenium (mcg)\,,NUMERIC,
nhanesfull.csv:528,\questionnaire\food component recall\Total saturated fatty acids (gm)\,,NUMERIC,
nhanesfull.csv:1088,\questionnaire\food component recall\Sodium (mg)\,,TEXT,
nhanesfull.csv:1071,\questionnaire\food component recall\Total sugars (gm)\,,TEXT,
nhanesfull.csv:529,\questionnaire\food component recall\Total fat (gm)\,,NUMERIC,
nhanesfull.csv:530,\questionnaire\food component recall\Theobromine (mg)\,,NUMERIC,
nhanesfull.csv:531,\questionnaire\food component recall\Vitamin A\,,NUMERIC,
nhanesfull.csv:1072,\questionnaire\food component recall\Vitamin A RAE (mcg)\,,TEXT,
nhanesfull.csv:532,\questionnaire\food component recall\Retinol\,,NUMERIC,
nhanesfull.csv:533,\questionnaire\food component recall\Thiamin (Vitamin B1) (mg)\,,NUMERIC,
nhanesfull.csv:534,\questionnaire\food component recall\Vitamin B12 (mcg)\,,NUMERIC,
nhanesfull.csv:535,\questionnaire\food component recall\Riboflavin (Vitamin B2) (mg)\,,NUMERIC,
nhanesfull.csv:536,\questionnaire\food component recall\Vitamin B6 (mg)\,,NUMERIC,
nhanesfull.csv:537,\questionnaire\food component recall\Vitamin C (mg)\,,NUMERIC,
nhanesfull.csv:538,\questionnaire\food component recall\Vitamin E\,,NUMERIC,
nhanesfull.csv:1073,\questionnaire\food component recall\Vitamin K (mcg)\,,TEXT,
nhanesfull.csv:539,\questionnaire\food component recall\Water\,,NUMERIC,
nhanesfull.csv:540,\questionnaire\food component recall\Zinc (mg)\,,NUMERIC,
nhanesfull.csv:541,\questionnaire\food component recall\Total plain water drank yesterday (gm)\,,NUMERIC,
nhanesfull.csv:542,\questionnaire\food component recall\Total home tap water drank yesterday(gm)\,,NUMERIC,
nhanesfull.csv:543,\questionnaire\food component recall\Shellfish eaten during past 30 days\,,NUMERIC,
nhanesfull.csv:544,\questionnaire\food component recall\Clams eaten during past 30 days\,,NUMERIC,
nhanesfull.csv:545,\questionnaire\food component recall\# of times clams eaten in past 30 days\,,NUMERIC,
nhanesfull.csv:546,\questionnaire\food component recall\Crabs eaten during past 30 days\,,NUMERIC,
nhanesfull.csv:547,\questionnaire\food component recall\# of times crabs eaten in past 30 days\,,NUMERIC,
nhanesfull.csv:548,\questionnaire\food component recall\Crayfish eaten during past 30 days\,,NUMERIC,
nhanesfull.csv:549,\questionnaire\food component recall\# of times crayfish eaten past 30 days\,,TEXT,
nhanesfull.csv:550,\questionnaire\food component recall\Lobsters eaten during past 30 days\,,NUMERIC,
nhanesfull.csv:551,\questionnaire\food component recall\# of times lobsters eaten past 30 days\,,NUMERIC,
nhanesfull.csv:552,\questionnaire\food component recall\Mussels eaten during past 30 days\,,NUMERIC,
nhanesfull.csv:553,\questionnaire\food component recall\# of times mussels eaten in past 30 days\,,TEXT,
nhanesfull.csv:554,\questionnaire\food component recall\Oysters eaten during past 30 days\,,NUMERIC,
nhanesfull.csv:555,\questionnaire\food component recall\# of times oysters eaten in past 30 days\,,NUMERIC,
nhanesfull.csv:556,\questionnaire\food component recall\Scallops eaten during past 30 days\,,NUMERIC,
nhanesfull.csv:557,\questionnaire\food component recall\# of times scallops eaten past 30 days\,,TEXT,
nhanesfull.csv:558,\questionnaire\food component recall\Shrimp eaten during past 30 days\,,NUMERIC,
nhanesfull.csv:559,\questionnaire\food component recall\# of times shrimp eaten in past 30 days\,,NUMERIC,
nhanesfull.csv:560,\questionnaire\food component recall\Other shellfish eaten past 30 days\,,NUMERIC,
nhanesfull.csv:561,\questionnaire\food component recall\# of times other shellfish eaten\,,TEXT,
nhanesfull.csv:562,\questionnaire\food component recall\Other unknown shellfish eaten past 30 d\,,NUMERIC,
nhanesfull.csv:563,\questionnaire\food component recall\# of times other unknown shellfish eaten\,,TEXT,
nhanesfull.csv:564,\questionnaire\food component recall\Refused on shellfish eaten past 30 days\,,NUMERIC,
nhanesfull.csv:565,\questionnaire\food component recall\Fish eaten during past 30 days\,,NUMERIC,
nhanesfull.csv:566,\questionnaire\food component recall\Breaded fish products eaten past 30 days\,,NUMERIC,
nhanesfull.csv:567,\questionnaire\food component recall\# of times breaded fish products eaten\,,NUMERIC,
nhanesfull.csv:568,\questionnaire\food component recall\Tuna eaten during past 30 days\,,NUMERIC,
nhanesfull.csv:569,\questionnaire\food component recall\# of times tuna eaten in past 30 days\,,NUMERIC,
nhanesfull.csv:570,\questionnaire\food component recall\Bass eaten during past 30 days\,,NUMERIC,
nhanesfull.csv:571,\questionnaire\food component recall\# of times bass eaten in past 30 days\,,TEXT,
nhanesfull.csv:572,\questionnaire\food component recall\Catfish eaten during past 30 days\,,NUMERIC,
nhanesfull.csv:573,\questionnaire\food component recall\# of times catfish eaten in past 30 days\,,NUMERIC,
nhanesfull.csv:574,\questionnaire\food component recall\Cod eaten during past 30 days\,,NUMERIC,
nhanesfull.csv:575,\questionnaire\food component recall\# of times cod eaten in past 30 days\,,NUMERIC,
nhanesfull.csv:576,\questionnaire\food component recall\Flatfish eaten during past 30 days\,,NUMERIC,
nhanesfull.csv:577,\questionnaire\food component recall\# of times flatfish eaten past 30 days\,,NUMERIC,
nhanesfull.csv:578,\questionnaire\food component recall\Haddock eaten during past 30 days\,,NUMERIC,
nhanesfull.csv:579,\questionnaire\food component recall\# of times haddock eaten in past 30 days\,,TEXT,
nhanesfull.csv:580,\questionnaire\food component recall\Mackerel eaten during past 30 days\,,NUMERIC,
nhanesfull.csv:581,\questionnaire\food component recall\# of times mackerel eaten past 30 days\,,TEXT,
nhanesfull.csv:582,\questionnaire\food component recall\Perch eaten during past 30 days\,,NUMERIC,
nhanesfull.csv:583,\questionnaire\food component recall\# of times perch eaten in past 30 days\,,NUMERIC,
nhanesfull.csv:584,\questionnaire\food component recall\Pike eaten during past 30 days\,,NUMERIC,
nhanesfull.csv:585,\questionnaire\food component recall\# of times pike eaten in past 30 days\,,TEXT,
nhanesfull.csv:586,\questionnaire\food component recall\Pollock eaten during past 30 days\,,NUMERIC,
nhanesfull.csv:587,\questionnaire\food component recall\# of times pollock eaten in past 30 days\,,TEXT,
nhanesfull.csv:588,\questionnaire\food component recall\Porgy eaten during past 30 days\,,NUMERIC,
nhanesfull.csv:589,\questionnaire\food component recall\# of times porgy eaten in past 30 days\,,TEXT,
nhanesfull.csv:590,\questionnaire\food component recall\Salmon eaten during past 30 days\,,NUMERIC,
nhanesfull.csv:591,\questionnaire\food component recall\# of times salmon eaten in past 30 days\,,NUMERIC,
nhanesfull.csv:592,\questionnaire\food component recall\Sardines eaten during past 30 days\,,NUMERIC,
nhanesfull.csv:593,\questionnaire\food component recall\# of times sardines eaten past 30 days\,,TEXT,
nhanesfull.csv:594,\questionnaire\food component recall\Sea bass eaten during past 30 days\,,NUMERIC,
nhanesfull.csv:595,\questionnaire\food component recall\# of times sea bass eaten past 30 days\,,TEXT,
nhanesfull.csv:596,\questionnaire\food component recall\Shark eaten during past 30 days\,,NUMERIC,
nhanesfull.csv:597,\questionnaire\food component recall\# of times shark eaten in past 30 days\,,TEXT,
nhanesfull.csv:598,\questionnaire\food component recall\Swordfish eaten during past 30 days\,,NUMERIC,
nhanesfull.csv:599,\questionnaire\food component recall\# of times swordfish eaten past 30 days\,,TEXT,
nhanesfull.csv:600,\questionnaire\food component recall\Trout eaten during past 30 days\,,NUMERIC,
nhanesfull.csv:601,\questionnaire\food component recall\# of times trout eaten in past 30 days\,,TEXT,
nhanesfull.csv:602,\questionnaire\food component recall\Walleye eaten during past 30 days\,,NUMERIC,
nhanesfull.csv:603,\questionnaire\food component recall\# of times walleye eaten in past 30 days\,,TEXT,
nhanesfull.csv:604,\questionnaire\food component recall\Other fish eaten during past 30 days\,,NUMERIC,
nhanesfull.csv:605,\questionnaire\food component recall\# of times other fish eaten past 30 days\,,NUMERIC,
nhanesfull.csv:606,\questionnaire\food component recall\Other unknown fish eaten in past 30 days\,,NUMERIC,
nhanesfull.csv:607,\questionnaire\food component recall\# of times other unknown fish eaten\,,NUMERIC,
nhanesfull.csv:608,\questionnaire\food component recall\Refused on fish eaten past 30 days\,,NUMERIC,
nhanesfull.csv:1074,\questionnaire\food component recall\Plain carbonated water (gm)\,,TEXT,
nhanesfull.csv:1075,\questionnaire\food component recall\Dietary recall status\,,TEXT,
nhanesfull.csv:1076,\questionnaire\food component recall\Main respondent for the interview\,,TEXT,
nhanesfull.csv:1089,\questionnaire\food component recall\Weight Loss Diet\,,TEXT,
nhanesfull.csv:1090,\questionnaire\food component recall\Low fat Diet\,,TEXT,
nhanesfull.csv:1091,\questionnaire\food component recall\Low salt Diet\,,TEXT,
nhanesfull.csv:1092,\questionnaire\food component recall\Sugarfree Diet\,,TEXT,
nhanesfull.csv:1093,\questionnaire\food component recall\Low fiber Diet\,,TEXT,
nhanesfull.csv:1094,\questionnaire\food component recall\High fiber Diet\,,TEXT,
nhanesfull.csv:1095,\questionnaire\food component recall\Diabetic Diet\,,TEXT,
nhanesfull.csv:1096,\questionnaire\food component recall\Weight-gain Diet\,,TEXT,
nhanesfull.csv:609,\questionnaire\food component recall\Sodium (mg)\,,NUMERIC,
nhanesfull.csv:288,\questionnaire\alcohol use\drink 5 in a day\,,NUMERIC,
nhanesfull.csv:642,\questionnaire\supplement use\DSDCOUNT\,,NUMERIC,
nhanesfull.csv:292,\questionnaire\street drug\Ever used cocaine or other street drug\,,NUMERIC,
nhanesfull.csv:293,\questionnaire\street drug\#days used street drugs over past year\,,NUMERIC,
nhanesfull.csv:294,\questionnaire\street drug\Ever used a needle to take street drugs\,,NUMERIC,
nhanesfull.csv:295,\questionnaire\street drug\#days used needle for street drugs/year\,,TEXT,
nhanesfull.csv:939,\questionnaire\street drug\Ever used marijuana or hashish\,,TEXT,
nhanesfull.csv:940,\questionnaire\street drug\Age when first tried marijuana\,,TEXT,
nhanesfull.csv:941,\questionnaire\street drug\# days used marijuana or hashish/month\,,TEXT,
nhanesfull.csv:942,\questionnaire\street drug\Ever used cocaine/heroin/methamphetamine\,,TEXT,
nhanesfull.csv:943,\questionnaire\street drug\Ever use any form of cocaine\,,TEXT,
nhanesfull.csv:944,\questionnaire\street drug\Age first used cocaine\,,TEXT,
nhanesfull.csv:945,\questionnaire\street drug\# of time you used cocaine\,,TEXT,
nhanesfull.csv:946,\questionnaire\street drug\# of days used cocaine/month\,,TEXT,
nhanesfull.csv:947,\questionnaire\street drug\Ever used heroin\,,TEXT,
nhanesfull.csv:948,\questionnaire\street drug\Age first used heroin\,,TEXT,
nhanesfull.csv:949,\questionnaire\street drug\# of days used heroin/month\,,TEXT,
nhanesfull.csv:950,\questionnaire\street drug\Ever used methamphetamine\,,TEXT,
nhanesfull.csv:951,\questionnaire\street drug\Age first used methamphetamine\,,TEXT,
nhanesfull.csv:952,\questionnaire\street drug\# times used methamphetamine\,,TEXT,
nhanesfull.csv:953,\questionnaire\street drug\# days used methamphetamine/month\,,TEXT,
nhanesfull.csv:954,\questionnaire\street drug\Ever use a needle to inject illegal drug\,,TEXT,
nhanesfull.csv:739,\examination\body measures\Total BMD (g/cm^2)\,,NUMERIC,
nhanesfull.csv:738,\examination\body measures\Total Fat (g)\,,NUMERIC,
nhanesfull.csv:737,\examination\body measures\Total Lean excl BMC (g)\,,NUMERIC,
nhanesfull.csv:735,\examination\body measures\Trunk Lean excl BMC (g)\,,NUMERIC,
nhanesfull.csv:734,\examination\body measures\Head BMD (g/cm^2)\,,NUMERIC,
nhanesfull.csv:732,\examination\body measures\Lumber Spine BMD (g/cm^2)\,,NUMERIC,
nhanesfull.csv:733,\examination\body measures\Lumber Pelvis BMD (g/cm^2)\,,NUMERIC,
nhanesfull.csv:736,\examination\body measures\Trunk Fat (g)\,,NUMERIC,
nhanesfull.csv:1,\demographics\education\,,NUMERIC,
nhanesfull.csv:1003,\questionnaire\pharmaceutical\ENALAPRIL\,,TEXT,
nhanesfull.csv:333,\questionnaire\pharmaceutical\ENALAPRIL_MALEATE\,,NUMERIC,
nhanesfull.csv:1009,\questionnaire\pharmaceutical\ESCITALOPRAM\,,TEXT,
nhanesfull.csv:989,\questionnaire\pharmaceutical\ESOMEPRAZOLE\,,TEXT,
nhanesfull.csv:706,\questionnaire\disease\esophagus_cancer_self_report\,,NUMERIC,
nhanesfull.csv:361,\questionnaire\pharmaceutical\ESTRADIOL\,,NUMERIC,
nhanesfull.csv:304,\questionnaire\pharmaceutical\ESTROGENS__CONJUGATED\,,NUMERIC,
nhanesfull.csv:340,\questionnaire\pharmaceutical\ESTROGENS__CONJUGATED__MEDROXYPROGESTERONE_ACETATE\,,NUMERIC,
nhanesfull.csv:387,\questionnaire\pharmaceutical\ETHINYL_ESTRADIOL__LEVONORGESTREL\,,NUMERIC,
nhanesfull.csv:1038,\questionnaire\pharmaceutical\ETHINYL_ESTRADIOL__NORETHINDRONE\,,TEXT,
nhanesfull.csv:390,\questionnaire\pharmaceutical\ETHINYL_ESTRADIOL__NORGESTIMATE\,,NUMERIC,
nhanesfull.csv:742,\questionnaire\disease\Ever arthritis?\,,NUMERIC,
nhanesfull.csv:741,\questionnaire\disease\Ever asthma?\,,NUMERIC,
nhanesfull.csv:409,\questionnaire\occupation\ever_loud_noise_gt3\,,NUMERIC,
nhanesfull.csv:410,\questionnaire\occupation\ever_loud_noise_gt3_2\,,NUMERIC,
nhanesfull.csv:744,\questionnaire\disease\Ever osteo arthritis?\,,NUMERIC,
nhanesfull.csv:743,\questionnaire\disease\Ever rheumatoid arthritis?\,,NUMERIC,
nhanesfull.csv:1046,\questionnaire\pharmaceutical\EZETIMIBE\,,TEXT,
nhanesfull.csv:1048,\questionnaire\pharmaceutical\EZETIMIBE__SIMVASTATIN\,,TEXT,
nhanesfull.csv:968,\questionnaire\pharmaceutical\FELODIPINE\,,TEXT,
nhanesfull.csv:1037,\questionnaire\pharmaceutical\FENOFIBRATE\,,TEXT,
nhanesfull.csv:992,\questionnaire\pharmaceutical\FEXOFENADINE\,,TEXT,
nhanesfull.csv:346,\questionnaire\pharmaceutical\FEXOFENADINE_HYDROCHLORIDE\,,NUMERIC,
nhanesfull.csv:479,\questionnaire\social support\first_degree_support\,,NUMERIC,
nhanesfull.csv:1007,\questionnaire\pharmaceutical\FLUOXETINE\,,TEXT,
nhanesfull.csv:334,\questionnaire\pharmaceutical\FLUOXETINE_HYDROCHLORIDE\,,NUMERIC,
nhanesfull.csv:1028,\questionnaire\pharmaceutical\FLUTICASONE\,,TEXT,
nhanesfull.csv:991,\questionnaire\pharmaceutical\FLUTICASONE__SALMETEROL\,,TEXT,
nhanesfull.csv:999,\questionnaire\pharmaceutical\FLUTICASONE_NASAL\,,TEXT,
nhanesfull.csv:319,\questionnaire\pharmaceutical\FLUTICASONE_PROPIONATE\,,NUMERIC,
nhanesfull.csv:383,\questionnaire\pharmaceutical\FLUVASTATIN_SODIUM\,,NUMERIC,
nhanesfull.csv:647,\questionnaire\supplement use\FOLIC_ACID_mcg\,,NUMERIC,
nhanesfull.csv:1107,\questionnaire\supplement use\FOLIC_ACID_Unknown\,,TEXT,
nhanesfull.csv:1030,\questionnaire\pharmaceutical\FOSINOPRIL\,,TEXT,
nhanesfull.csv:358,\questionnaire\pharmaceutical\FOSINOPRIL_SODIUM\,,NUMERIC,
nhanesfull.csv:300,\questionnaire\pharmaceutical\FUROSEMIDE\,,NUMERIC,
nhanesfull.csv:961,\questionnaire\pharmaceutical\GABAPENTIN\,,TEXT,
nhanesfull.csv:707,\questionnaire\disease\gallbladder_cancer_self_report\,,NUMERIC,
nhanesfull.csv:394,\questionnaire\pharmaceutical\GEMFIBROZIL\,,NUMERIC,
nhanesfull.csv:376,\questionnaire\pharmaceutical\GLIMEPIRIDE\,,NUMERIC,
nhanesfull.csv:315,\questionnaire\pharmaceutical\GLIPIZIDE\,,NUMERIC,
nhanesfull.csv:314,\questionnaire\pharmaceutical\GLYBURIDE\,,NUMERIC,
nhanesfull.csv:1039,\questionnaire\pharmaceutical\GLYBURIDE__METFORMIN\,,TEXT,
nhanesfull.csv:670,\questionnaire\supplement use\GLYCINE_gm\,,NUMERIC,
nhanesfull.csv:669,\questionnaire\supplement use\GLYCINE_mg\,,NUMERIC,
nhanesfull.csv:405,\questionnaire\immunization\hepatitis a\,,NUMERIC,
nhanesfull.csv:406,\questionnaire\immunization\hepatitis b\,,NUMERIC,
nhanesfull.csv:671,\questionnaire\supplement use\HISTIDINE_mg\,,NUMERIC,
nhanesfull.csv:279,\questionnaire\housing\painted (12mo)\,,NUMERIC,
nhanesfull.csv:280,\questionnaire\housing\house age\,,NUMERIC,
nhanesfull.csv:281,\questionnaire\housing\house type\,,NUMERIC,
nhanesfull.csv:450,\questionnaire\pharmaceutical\how_long_estrogen\,,NUMERIC,
nhanesfull.csv:449,\questionnaire\pharmaceutical\how_long_estrogen_patch\,,TEXT,
nhanesfull.csv:448,\questionnaire\pharmaceutical\how_long_estrogen_progestin\,,TEXT,
nhanesfull.csv:447,\questionnaire\pharmaceutical\how_long_estrogen_progestin_patch\,,TEXT,
nhanesfull.csv:446,\questionnaire\pharmaceutical\how_long_progestin\,,TEXT,
nhanesfull.csv:282,\questionnaire\housing\years in house\,,NUMERIC,
nhanesfull.csv:264,\laboratory\heavy metals\Mercury, hair (ppm) MDL Version\,,NUMERIC,
nhanesfull.csv:265,\laboratory\heavy metals\Mercury, hair (ppm)\,,NUMERIC,
nhanesfull.csv:310,\questionnaire\pharmaceutical\HYDROCHLOROTHIAZIDE\,,NUMERIC,
nhanesfull.csv:374,\questionnaire\pharmaceutical\HYDROCHLOROTHIAZIDE__LISINOPRIL\,,NUMERIC,
nhanesfull.csv:1036,\questionnaire\pharmaceutical\HYDROCHLOROTHIAZIDE__LOSARTAN\,,TEXT,
nhanesfull.csv:976,\questionnaire\pharmaceutical\HYDROCHLOROTHIAZIDE__LOSARTAN_POTASSIUM\,,TEXT,
nhanesfull.csv:318,\questionnaire\pharmaceutical\HYDROCHLOROTHIAZIDE__TRIAMTERENE\,,NUMERIC,
nhanesfull.csv:1049,\questionnaire\pharmaceutical\HYDROCHLOROTHIAZIDE__VALSARTAN\,,TEXT,
nhanesfull.csv:393,\questionnaire\pharmaceutical\HYDROCODONE_UNSPECIFIED\,,NUMERIC,
nhanesfull.csv:1034,\questionnaire\pharmaceutical\HYDROXYZINE\,,TEXT,
nhanesfull.csv:366,\questionnaire\pharmaceutical\HYDROXYZINE_HYDROCHLORIDE\,,NUMERIC,
nhanesfull.csv:308,\questionnaire\pharmaceutical\IBUPROFEN\,,NUMERIC,
nhanesfull.csv:1164,\demographics\INDFMPIR\,,NUMERIC,
nhanesfull.csv:411,\questionnaire\occupation\industry_agriculture\,,TEXT,
nhanesfull.csv:412,\questionnaire\occupation\industry_construction\,,NUMERIC,
nhanesfull.csv:413,\questionnaire\occupation\industry_manufacturing\,,NUMERIC,
nhanesfull.csv:414,\questionnaire\occupation\industry_mining\,,TEXT,
nhanesfull.csv:415,\questionnaire\occupation\industry_other\,,NUMERIC,
nhanesfull.csv:416,\questionnaire\occupation\industry_transport\,,TEXT,
nhanesfull.csv:312,\questionnaire\pharmaceutical\INSULIN\,,NUMERIC,
nhanesfull.csv:1044,\questionnaire\pharmaceutical\INSULIN_GLARGINE\,,TEXT,
nhanesfull.csv:1040,\questionnaire\pharmaceutical\INSULIN_ISOPHANE\,,TEXT,
nhanesfull.csv:372,\questionnaire\pharmaceutical\IPRATROPIUM_BROMIDE\,,NUMERIC,
nhanesfull.csv:975,\questionnaire\pharmaceutical\IRBESARTAN\,,TEXT,
nhanesfull.csv:672,\questionnaire\supplement use\IRON_mg\,,NUMERIC,
nhanesfull.csv:1116,\questionnaire\supplement use\IRON_Trace\,,TEXT,
nhanesfull.csv:1117,\questionnaire\supplement use\IRON_Unknown\,,TEXT,
nhanesfull.csv:673,\questionnaire\supplement use\ISOLEUCINE_mg\,,NUMERIC,
nhanesfull.csv:373,\questionnaire\pharmaceutical\ISOSORBIDE_MONONITRATE\,,NUMERIC,
nhanesfull.csv:377,\questionnaire\pharmaceutical\ISOSORBIDE_UNSPECIFIED\,,NUMERIC,
nhanesfull.csv:708,\questionnaire\disease\kidney_cancer_self_report\,,NUMERIC,
nhanesfull.csv:657,\questionnaire\supplement use\L_ASPARTIC_ACID_gm\,,NUMERIC,
nhanesfull.csv:656,\questionnaire\supplement use\L_ASPARTIC_ACID_mg\,,NUMERIC,
nhanesfull.csv:668,\questionnaire\supplement use\L_GLUTAMINE_gm\,,NUMERIC,
nhanesfull.csv:667,\questionnaire\supplement use\L_GLUTAMINE_mg\,,NUMERIC,
nhanesfull.csv:322,\questionnaire\pharmaceutical\LANSOPRAZOLE\,,NUMERIC,
nhanesfull.csv:709,\questionnaire\disease\larynx_cancer_self_report\,,NUMERIC,
nhanesfull.csv:955,\questionnaire\street drug\last time (days) used cocaine\,,TEXT,
nhanesfull.csv:956,\questionnaire\street drug\last time (days) used heroin\,,TEXT,
nhanesfull.csv:957,\questionnaire\street drug\last time (days) used marijuana\,,TEXT,
nhanesfull.csv:958,\questionnaire\street drug\last time (days) used meth\,,TEXT,
nhanesfull.csv:391,\questionnaire\pharmaceutical\LATANOPROST\,,NUMERIC,
nhanesfull.csv:1042,\questionnaire\pharmaceutical\LATANOPROST_OPHTHALMIC\,,TEXT,
nhanesfull.csv:805,\laboratory\pcbs\PCB199 (ng/g)\,,TEXT,
nhanesfull.csv:858,\laboratory\nutrients\a-Tocopherol(umol/L)\,,TEXT,
nhanesfull.csv:112,\laboratory\blood\Basophils number\,,NUMERIC,
nhanesfull.csv:277,\laboratory\bacterial infection\Cryptosporidium (17kDA)\,,NUMERIC,
nhanesfull.csv:276,\laboratory\bacterial infection\Cryptosporidium (27kDA)\,,NUMERIC,
nhanesfull.csv:83,\laboratory\heavy metals\Window, FAAS (ug/sq. ft.)\,,NUMERIC,
nhanesfull.csv:111,\laboratory\blood\Eosinophils number\,,NUMERIC,
nhanesfull.csv:8,\laboratory\viral infection\Hepatitis B surface antigen\,,NUMERIC,
nhanesfull.csv:9,\laboratory\viral infection\Hepatitis C antibody (confirmed)\,,NUMERIC,
nhanesfull.csv:10,\laboratory\viral infection\Hepatitis D (anti-HDV)\,,NUMERIC,
nhanesfull.csv:781,\laboratory\biochemistry\Direct HDL-Cholesterol (mg/dL)\,,TEXT,
nhanesfull.csv:232,\laboratory\biochemistry\HDL-cholesterol (mg/dL)\,,NUMERIC,
nhanesfull.csv:13,\laboratory\viral infection\HIV antibody test result\,,NUMERIC,
nhanesfull.csv:72,\laboratory\biochemistry\LDL-cholesterol (mg/dL)\,,NUMERIC,
nhanesfull.csv:108,\laboratory\blood\Lymphocyte number\,,NUMERIC,
nhanesfull.csv:109,\laboratory\blood\Monocyte number\,,NUMERIC,
nhanesfull.csv:110,\laboratory\blood\Segmented neutrophils number\,,NUMERIC,
nhanesfull.csv:780,\laboratory\biochemistry\Prostate specific antigen ratio (%)\,,TEXT,
nhanesfull.csv:220,\laboratory\biochemistry\Transferrin saturation (%)\,,NUMERIC,
nhanesfull.csv:79,\laboratory\bacterial infection\Rubella international units\,,NUMERIC,
nhanesfull.csv:855,\laboratory\bacterial infection\Syphilis RPR Titer Level\,,TEXT,
nhanesfull.csv:856,\laboratory\bacterial infection\Syphilis TP-PA\,,TEXT,
nhanesfull.csv:914,\laboratory\nutrients\Total (cis- and trans-)Lycopene (ug/dL)\,,TEXT,
nhanesfull.csv:129,\laboratory\pcbs\PCB28 (ng/g)\,,NUMERIC,
nhanesfull.csv:796,\laboratory\pcbs\PCB44 (ng/g)\,,TEXT,
nhanesfull.csv:797,\laboratory\pcbs\PCB49 (ng/g)\,,TEXT,
nhanesfull.csv:155,\laboratory\pcbs\PCB52 (ng/g)\,,NUMERIC,
nhanesfull.csv:130,\laboratory\pcbs\PCB66 (ng/g)\,,NUMERIC,
nhanesfull.csv:131,\laboratory\pcbs\PCB74 (ng/g)\,,NUMERIC,
nhanesfull.csv:798,\laboratory\pcbs\PCB87 (ng/g)\,,TEXT,
nhanesfull.csv:156,\laboratory\pcbs\PCB99 (ng/g)\,,NUMERIC,
nhanesfull.csv:157,\laboratory\pcbs\PCB101 (ng/g)\,,NUMERIC,
nhanesfull.csv:132,\laboratory\pcbs\PCB105 (ng/g)\,,NUMERIC,
nhanesfull.csv:799,\laboratory\pcbs\PCB110 (ng/g)\,,TEXT,
nhanesfull.csv:133,\laboratory\pcbs\PCB118 (ng/g)\,,NUMERIC,
nhanesfull.csv:158,\laboratory\pcbs\PCB128 (ng/g)\,,NUMERIC,
nhanesfull.csv:159,\laboratory\pcbs\PCB138 & 158 (ng/g)\,,NUMERIC,
nhanesfull.csv:160,\laboratory\pcbs\PCB146 (ng/g)\,,NUMERIC,
nhanesfull.csv:800,\laboratory\pcbs\PCB149 (ng/g)\,,TEXT,
nhanesfull.csv:801,\laboratory\pcbs\PCB151 (ng/g)\,,TEXT,
nhanesfull.csv:161,\laboratory\pcbs\PCB153 (ng/g)\,,NUMERIC,
nhanesfull.csv:134,\laboratory\pcbs\PCB156 (ng/g)\,,NUMERIC,
nhanesfull.csv:135,\laboratory\pcbs\PCB157 (ng/g)\,,NUMERIC,
nhanesfull.csv:136,\laboratory\pcbs\PCB167 (ng/g)\,,NUMERIC,
nhanesfull.csv:162,\laboratory\pcbs\PCB170 (ng/g)\,,NUMERIC,
nhanesfull.csv:163,\laboratory\pcbs\PCB172 (ng/g)\,,NUMERIC,
nhanesfull.csv:164,\laboratory\pcbs\PCB177 (ng/g)\,,NUMERIC,
nhanesfull.csv:165,\laboratory\pcbs\PCB178 (ng/g)\,,NUMERIC,
nhanesfull.csv:166,\laboratory\pcbs\PCB180 (ng/g)\,,NUMERIC,
nhanesfull.csv:167,\laboratory\pcbs\PCB183 (ng/g)\,,NUMERIC,
nhanesfull.csv:168,\laboratory\pcbs\PCB187 (ng/g)\,,NUMERIC,
nhanesfull.csv:793,\laboratory\pcbs\PCB189 (ng/g)\,,TEXT,
nhanesfull.csv:802,\laboratory\pcbs\PCB194 (ng/g)\,,TEXT,
nhanesfull.csv:803,\laboratory\pcbs\PCB195 (ng/g)\,,TEXT,
nhanesfull.csv:804,\laboratory\pcbs\PCB196 & 203 (ng/g)\,,TEXT,
nhanesfull.csv:806,\laboratory\pcbs\PCB206 (ng/g)\,,TEXT,
nhanesfull.csv:807,\laboratory\pcbs\PCB209 (ng/g)\,,TEXT,
nhanesfull.csv:761,\laboratory\volatile compounds\Blood 2,5-Dimethylfuran (ng/mL)\,,TEXT,
nhanesfull.csv:922,\laboratory\acrylamide\Acrylamide (pmoL/G Hb)\,,TEXT,
nhanesfull.csv:860,\laboratory\nutrients\a-Cryptoxanthin(ug/dL)\,,TEXT,
nhanesfull.csv:859,\laboratory\nutrients\a-Carotene(ug/dL)\,,TEXT,
nhanesfull.csv:808,\laboratory\pesticides\Aldrin (ng/g)\,,TEXT,
nhanesfull.csv:900,\laboratory\biochemistry\Apolipoprotein (B) (mg/dL)\,,TEXT,
nhanesfull.csv:58,\laboratory\nutrients\Vitamin B12 serum (pg/mL)\,,NUMERIC,
nhanesfull.csv:69,\laboratory\biochemistry\Bone alkaline phosphotase (ug/L)\,,NUMERIC,
nhanesfull.csv:107,\laboratory\blood\Basophils percent (%)\,,NUMERIC,
nhanesfull.csv:811,\laboratory\polybrominated ethers\2,2,4,4,5,5-hexabromobiphenyl\,,TEXT,
nhanesfull.csv:862,\laboratory\nutrients\total b-Carotene(ug/dL)\,,TEXT,
nhanesfull.csv:39,\laboratory\heavy metals\Cadmium (ug/L)\,,NUMERIC,
nhanesfull.csv:861,\laboratory\nutrients\trans-b-carotene(ug/dL)\,,TEXT,
nhanesfull.csv:170,\laboratory\pesticides\Beta-hexachlorocyclohexane (ng/g)\,,NUMERIC,
nhanesfull.csv:40,\laboratory\heavy metals\Lead (ug/dL)\,,NUMERIC,
nhanesfull.csv:812,\laboratory\polybrominated ethers\2,2,4-tribromodiphenyl ether\,,TEXT,
nhanesfull.csv:813,\laboratory\polybrominated ethers\2,4,4-tribromodiphenyl ether\,,TEXT,
nhanesfull.csv:814,\laboratory\polybrominated ethers\2,2,4,4-tetrabromodiphenyl ether\,,TEXT,
nhanesfull.csv:815,\laboratory\polybrominated ethers\2,2,3,4,4-pentabromodiphenyl ether\,,TEXT,
nhanesfull.csv:816,\laboratory\polybrominated ethers\2,2,4,4,5-pentabromodiphenyl ether\,,TEXT,
nhanesfull.csv:817,\laboratory\polybrominated ethers\2,2,4,4,5-pentabromodiphenyl ether\,,TEXT,
nhanesfull.csv:821,\laboratory\polybrominated ethers\2,3,4,4-tetrabromodiphenyl ether\,,TEXT,
nhanesfull.csv:822,\laboratory\polybrominated ethers\2,3,4,4-tetrabromodiphenyl ether\,,TEXT,
nhanesfull.csv:818,\laboratory\polybrominated ethers\2,2,4,4,5,5-hexabromodiphenyl ether\,,TEXT,
nhanesfull.csv:819,\laboratory\polybrominated ethers\2,2,4,4,5,6-hexabromodiphenyl ether\,,TEXT,
nhanesfull.csv:820,\laboratory\polybrominated ethers\2,2,3,4,4,5,6-heptabromodiphenyl ethr\,,TEXT,
nhanesfull.csv:832,\laboratory\bacterial infection\Bacterial Vaginosis\,,TEXT,
nhanesfull.csv:863,\laboratory\nutrients\cis-b-carotene(ug/dL)\,,TEXT,
nhanesfull.csv:844,\laboratory\bacterial infection\Clinda induction (D) test 1\,,TEXT,
nhanesfull.csv:14,\laboratory\viral infection\CD4 counts (cells/mm3)\,,TEXT,
nhanesfull.csv:15,\laboratory\viral infection\CD8 counts (cells/mm3)\,,TEXT,
nhanesfull.csv:845,\laboratory\bacterial infection\Chloramphenicol 1\,,TEXT,
nhanesfull.csv:864,\laboratory\nutrients\cis-Lycopene(ug/dL)\,,TEXT,
nhanesfull.csv:865,\laboratory\nutrients\cis- Lutein/Zeaxanthin(ug/dL)\,,TEXT,
nhanesfull.csv:43,\laboratory\cotinine\Cotinine (ng/mL)\,,NUMERIC,
nhanesfull.csv:66,\laboratory\biochemistry\C-peptide: SI(nmol/L)\,,NUMERIC,
nhanesfull.csv:68,\laboratory\biochemistry\C-reactive protein(mg/dL)\,,NUMERIC,
nhanesfull.csv:866,\laboratory\nutrients\b-cryptoxanthin(ug/dL)\,,TEXT,
nhanesfull.csv:137,\laboratory\dioxins\12378-pncdd (fg/g)\N,NUMERIC,
nhanesfull.csv:794,\laboratory\dioxins\123478-hxcdd (fg/g)\T,NUMERIC,
nhanesfull.csv:138,\laboratory\dioxins\123678-hxcdd (fg/g)\N,NUMERIC,
nhanesfull.csv:139,\laboratory\dioxins\123789-hxcdd (fg/g)\N,NUMERIC,
nhanesfull.csv:140,\laboratory\dioxins\1234678-hpcdd (fg/g)\N,NUMERIC,
nhanesfull.csv:141,\laboratory\dioxins\12346789-ocdd (fg/g)\,NUMERIC,
nhanesfull.csv:81,\laboratory\heavy metals\Floor GFAAS (ug/sq.ft.)\N,NUMERIC,
nhanesfull.csv:82,\laboratory\heavy metals\Floor FAAS (ug/sq. ft.)\T,NUMERIC,
nhanesfull.csv:809,\laboratory\pesticides\Dieldrin (ng/g)\,,TEXT,
nhanesfull.csv:867,\laboratory\nutrients\d-Tocopherol(ug/dL)\,,TEXT,
nhanesfull.csv:846,\laboratory\bacterial infection\Daptomycin 1\,,TEXT,
nhanesfull.csv:893,\laboratory\allergen test\Mouse IgE antibody (kU/L)\,,TEXT,
nhanesfull.csv:894,\laboratory\allergen test\Rat IgE antibody (kU/L)\,,TEXT,
nhanesfull.csv:810,\laboratory\pesticides\Endrin (ng/g)\,,TEXT,
nhanesfull.csv:106,\laboratory\blood\Eosinophils percent (%)\,,NUMERIC,
nhanesfull.csv:87,\laboratory\polyflourochemicals\2-(N-ethyl-PFOSA) acetate\,,NUMERIC,
nhanesfull.csv:193,\laboratory\biochemistry\Protoporphyrin(ug/dL RBC)\,,NUMERIC,
nhanesfull.csv:847,\laboratory\bacterial infection\Enterotoxin A\,,TEXT,
nhanesfull.csv:848,\laboratory\bacterial infection\Enterotoxin B\,,TEXT,
nhanesfull.csv:849,\laboratory\bacterial infection\Enterotoxin C\,,TEXT,
nhanesfull.csv:850,\laboratory\bacterial infection\Enterotoxin D\,,TEXT,
nhanesfull.csv:851,\laboratory\bacterial infection\Enterotoxin H\,,TEXT,
nhanesfull.csv:142,\laboratory\furans\2378-tcdf (fg/g)\N,NUMERIC,
nhanesfull.csv:143,\laboratory\furans\12378-pncdf (fg/g)\N,NUMERIC,
nhanesfull.csv:144,\laboratory\furans\23478-pncdf (fg/g)\N,NUMERIC,
nhanesfull.csv:145,\laboratory\furans\123478-hxcdf (fg/g)\N,NUMERIC,
nhanesfull.csv:146,\laboratory\furans\123678-hxcdf (fg/g)\N,NUMERIC,
nhanesfull.csv:147,\laboratory\furans\123789-hxcdf (fg/g)\N,NUMERIC,
nhanesfull.csv:148,\laboratory\furans\234678-hxcdf (fg/g)\N,NUMERIC,
nhanesfull.csv:149,\laboratory\furans\1234678-hpcdf (fg/g)\N,NUMERIC,
nhanesfull.csv:795,\laboratory\furans\1234789-hpcdf (fg/g)\T,NUMERIC,
nhanesfull.csv:150,\laboratory\furans\12346789-ocdf (fg/g)\,NUMERIC,
nhanesfull.csv:882,\laboratory\allergen test\Peanut IgE antibody (kU/L)\,,TEXT,
nhanesfull.csv:890,\laboratory\allergen test\Shellfish IgE antibody (kU/L)\,,TEXT,
nhanesfull.csv:230,\laboratory\biochemistry\Fibrinogen (mg/dL)\,,NUMERIC,
nhanesfull.csv:60,\laboratory\biochemistry\Ferritin(ng/mL)\,,NUMERIC,
nhanesfull.csv:59,\laboratory\nutrients\Folate serum (ng/mL)\N,NUMERIC,
nhanesfull.csv:252,\laboratory\hormone\Follicle stimulating hormone (mIU/mL)\,,NUMERIC,
nhanesfull.csv:64,\laboratory\biochemistry\Glycohemoglobin (%)\,,NUMERIC,
nhanesfull.csv:171,\laboratory\pesticides\Gamma-hexachlorocyclohexane (ng/g)\,,NUMERIC,
nhanesfull.csv:899,\laboratory\biochemistry\Two Hour Glucose(OGTT) (mg/dL)\,,TEXT,
nhanesfull.csv:65,\laboratory\biochemistry\Glucose plasma (mg/dL)\N,NUMERIC,
nhanesfull.csv:228,\laboratory\biochemistry\Plasma glucose: SI(mmol/L)\,,NUMERIC,
nhanesfull.csv:923,\laboratory\acrylamide\Glycideamide (pmoL/G Hb)\,,TEXT,
nhanesfull.csv:222,\laboratory\nutrients\g-tocopherol(ug/dL)\,,NUMERIC,
nhanesfull.csv:12,\laboratory\viral infection\Hepatitis A Antibody (Anti-HAV)\,,NUMERIC,
nhanesfull.csv:7,\laboratory\viral infection\Hepatitis B core antibody\,,NUMERIC,
nhanesfull.csv:11,\laboratory\viral infection\Hepatitis B Surface Antibody\,,NUMERIC,
nhanesfull.csv:169,\laboratory\pesticides\Hexachlorobenzene (ng/g)\,,NUMERIC,
nhanesfull.csv:115,\laboratory\blood\Hematocrit (%)\,,NUMERIC,
nhanesfull.csv:55,\laboratory\biochemistry\Homocysteine (umol/L)\,,NUMERIC,
nhanesfull.csv:62,\laboratory\viral infection\Herpes I\,,NUMERIC,
nhanesfull.csv:63,\laboratory\viral infection\Herpes II\,,NUMERIC,
nhanesfull.csv:114,\laboratory\blood\Hemoglobin (g/dL)\,,NUMERIC,
nhanesfull.csv:278,\laboratory\bacterial infection\Helicobacter pylori (ISR)\,,NUMERIC,
nhanesfull.csv:177,\laboratory\pesticides\Heptachlor Epoxide (ng/g)\,,NUMERIC,
nhanesfull.csv:153,\laboratory\pcbs\334455-hxcb (fg/g)\N,NUMERIC,
nhanesfull.csv:877,\laboratory\allergen test\D. Pteronyssinus IgE antibody (kU/L)\,,TEXT,
nhanesfull.csv:876,\laboratory\allergen test\D. Farinae IgE antibody (kU/L)\,,TEXT,
nhanesfull.csv:878,\laboratory\allergen test\Cat IgE antibody (kU/L)\,,TEXT,
nhanesfull.csv:879,\laboratory\allergen test\Dog IgE antibody (kU/L)\,,TEXT,
nhanesfull.csv:883,\laboratory\allergen test\Egg IgE antibody (kU/L)\,,TEXT,
nhanesfull.csv:884,\laboratory\allergen test\Milk IgE antibody (kU/L)\,,TEXT,
nhanesfull.csv:887,\laboratory\allergen test\Bermuda grass IgE antibody (kU/L)\,,TEXT,
nhanesfull.csv:886,\laboratory\allergen test\Rye grass IgE antibody (kU/L)\,,TEXT,
nhanesfull.csv:875,\laboratory\allergen test\Serum total IgE antibody (kU/L)\,,TEXT,
nhanesfull.csv:42,\laboratory\heavy metals\Mercury inorganic (ug/L)\N,NUMERIC,
nhanesfull.csv:880,\laboratory\allergen test\Cockroach IgE antibody (kU/L)\,,TEXT,
nhanesfull.csv:891,\laboratory\allergen test\Aspergillus IgE antibody (kU/L)\,,TEXT,
nhanesfull.csv:881,\laboratory\allergen test\Alternaria IgE antibody (kU/L)\,,TEXT,
nhanesfull.csv:67,\laboratory\hormone\Insulin (uU/mL)\,,NUMERIC,
nhanesfull.csv:229,\laboratory\hormone\Insulin: SI(pmol/L)\,,NUMERIC,
nhanesfull.csv:218,\laboratory\nutrients\Iron Frozen Serum (ug/dL)\N,NUMERIC,
nhanesfull.csv:889,\laboratory\allergen test\Birch IgE antibody (kU/L)\,,TEXT,
nhanesfull.csv:888,\laboratory\allergen test\Oak IgE antibody (kU/L)\,,TEXT,
nhanesfull.csv:885,\laboratory\allergen test\Ragweed IgE antibody (kU/L)\,,TEXT,
nhanesfull.csv:868,\laboratory\nutrients\total Lycopene(ug/dL)\,,TEXT,
nhanesfull.csv:253,\laboratory\hormone\Luteinizing hormone (mIU/mL)\,,NUMERIC,
nhanesfull.csv:869,\laboratory\nutrients\Lutein(ug/dL)\,,TEXT,
nhanesfull.csv:870,\laboratory\nutrients\Combined Lutein/zeaxanthin (ug/dL)\,,TEXT,
nhanesfull.csv:871,\laboratory\nutrients\trans-lycopene(ug/dL)\,,TEXT,
nhanesfull.csv:103,\laboratory\blood\Lymphocyte percent (%)\,,NUMERIC,
nhanesfull.csv:834,\laboratory\bacterial infection\MRSA 1\,,TEXT,
nhanesfull.csv:118,\laboratory\blood\MCHC (g/dL)\,,NUMERIC,
nhanesfull.csv:837,\laboratory\bacterial infection\Clindamycin 1\,,TEXT,
nhanesfull.csv:117,\laboratory\blood\Mean cell hemoglobin (pg)\,,NUMERIC,
nhanesfull.csv:116,\laboratory\blood\Mean cell volume (fL)\,,NUMERIC,
nhanesfull.csv:908,\laboratory\bacterial infection\Ciprofloxacin 1\,,TEXT,
nhanesfull.csv:78,\laboratory\bacterial infection\Measles\,,NUMERIC,
nhanesfull.csv:838,\laboratory\bacterial infection\Erythromycin 1\,,TEXT,
nhanesfull.csv:907,\laboratory\bacterial infection\Cefazolin 1\,,TEXT,
nhanesfull.csv:841,\laboratory\bacterial infection\Gentamicin 1\,,TEXT,
nhanesfull.csv:906,\laboratory\bacterial infection\Imipenem 1\,,TEXT,
nhanesfull.csv:178,\laboratory\pesticides\Mirex (ng/g)\,,NUMERIC,
nhanesfull.csv:842,\laboratory\bacterial infection\Levofloxacin 1\,,TEXT,
nhanesfull.csv:56,\laboratory\biochemistry\Methylmalonic acid (umol/L)\,,NUMERIC,
nhanesfull.csv:840,\laboratory\bacterial infection\Oxacillin 1\,,TEXT,
nhanesfull.csv:104,\laboratory\blood\Monocyte percent (%)\,,NUMERIC,
nhanesfull.csv:839,\laboratory\bacterial infection\Penicillin 1\,,TEXT,
nhanesfull.csv:88,\laboratory\polyflourochemicals\2-(N-methyl-PFOSA) acetate\,,NUMERIC,
nhanesfull.csv:121,\laboratory\blood\Mean platelet volume (fL)\,,NUMERIC,
nhanesfull.csv:843,\laboratory\bacterial infection\Rifampin 1\,,TEXT,
nhanesfull.csv:833,\laboratory\bacterial infection\S. aureus present 1\,,TEXT,
nhanesfull.csv:835,\laboratory\bacterial infection\Tetracycline 1\,,TEXT,
nhanesfull.csv:909,\laboratory\bacterial infection\Amoxicillin/k Clavulanate 1\,,TEXT,
nhanesfull.csv:836,\laboratory\bacterial infection\Trimethoprim/Sulfamethoxazole 1\,,TEXT,
nhanesfull.csv:105,\laboratory\blood\Segmented neutrophils percent (%)\,,NUMERIC,
nhanesfull.csv:174,\laboratory\pesticides\o,p-DDT (ng/g)\,,NUMERIC,
nhanesfull.csv:175,\laboratory\pesticides\Oxychlordane (ng/g)\,,NUMERIC,
nhanesfull.csv:778,\laboratory\biochemistry\PSA. total (ng/mL)\,,TEXT,
nhanesfull.csv:779,\laboratory\biochemistry\PSA.  free (ng/mL)\,,TEXT,
nhanesfull.csv:151,\laboratory\pcbs\3,3,4,4,5-pncb (fg/g)\,,NUMERIC,
nhanesfull.csv:172,\laboratory\pesticides\pp-DDE (ng/g)\N,NUMERIC,
nhanesfull.csv:173,\laboratory\pesticides\pp-DDT (ng/g)\N,NUMERIC,
nhanesfull.csv:786,\laboratory\polyflourochemicals\Perfluorobutane sulfonic acid\,,TEXT,
nhanesfull.csv:89,\laboratory\polyflourochemicals\Perfluorodecanoic acid\,,NUMERIC,
nhanesfull.csv:94,\laboratory\polyflourochemicals\Perfluorododecanoic acid\,,NUMERIC,
nhanesfull.csv:90,\laboratory\polyflourochemicals\Perfluoroheptanoic acid\,,NUMERIC,
nhanesfull.csv:86,\laboratory\polyflourochemicals\Perfluorohexane sulfonic acid\,,NUMERIC,
nhanesfull.csv:91,\laboratory\polyflourochemicals\Perfluorononanoic acid\,,NUMERIC,
nhanesfull.csv:84,\laboratory\polyflourochemicals\Perfluorooctanoic acid\,,NUMERIC,
nhanesfull.csv:85,\laboratory\polyflourochemicals\Perfluorooctane sulfonic acid\,,NUMERIC,
nhanesfull.csv:92,\laboratory\polyflourochemicals\Perfluorooctane sulfonamide\,,NUMERIC,
nhanesfull.csv:93,\laboratory\polyflourochemicals\Perfluoroundecanoic acid\,,NUMERIC,
nhanesfull.csv:873,\laboratory\nutrients\Phytoene(ug/dL)\,,TEXT,
nhanesfull.csv:872,\laboratory\nutrients\Phytofluene(ug/dL)\,,TEXT,
nhanesfull.csv:120,\laboratory\blood\Platelet count SI (1000 cells/uL)\,,NUMERIC,
nhanesfull.csv:777,\laboratory\hormone\Parathyroid Hormone(Elecys method) pg/mL\,,TEXT,
nhanesfull.csv:853,\laboratory\bacterial infection\Panton Valentine Leukocidin\,,TEXT,
nhanesfull.csv:113,\laboratory\blood\Red blood cell count (million cells/uL)\,,NUMERIC,
nhanesfull.csv:57,\laboratory\nutrients\Folate RBC (ng/mL RBC)\N,NUMERIC,
nhanesfull.csv:119,\laboratory\blood\Red cell distribution width (%)\,,NUMERIC,
nhanesfull.csv:223,\laboratory\nutrients\Retinyl palmitate(ug/dL)\,,NUMERIC,
nhanesfull.csv:224,\laboratory\nutrients\Retinyl stearate(ug/dL)\,,NUMERIC,
nhanesfull.csv:935,\laboratory\viral infection\HPV 06 (Merck competitive Luminex assay)\,,TEXT,
nhanesfull.csv:936,\laboratory\viral infection\HPV 11 (Merck competitive Luminex assay)\,,TEXT,
nhanesfull.csv:937,\laboratory\viral infection\HPV 16 (Merck competitive Luminex assay)\,,TEXT,
nhanesfull.csv:938,\laboratory\viral infection\HPV 18 (Merck competitive Luminex assay)\,,TEXT,
nhanesfull.csv:195,\laboratory\biochemistry\Albumin (g/dL)\,,NUMERIC,
nhanesfull.csv:198,\laboratory\biochemistry\Alkaline phosphotase (U/L)\,,NUMERIC,
nhanesfull.csv:197,\laboratory\biochemistry\Aspartate aminotransferase AST (U/L)\,,NUMERIC,
nhanesfull.csv:196,\laboratory\biochemistry\Alanine aminotransferase ALT (U/L)\,,NUMERIC,
nhanesfull.csv:199,\laboratory\biochemistry\Blood urea nitrogen (mg/dL)\,,NUMERIC,
nhanesfull.csv:202,\laboratory\biochemistry\Bicarbonate (mmol/L)\,,NUMERIC,
nhanesfull.csv:200,\laboratory\biochemistry\Total calcium (mg/dL)\,,NUMERIC,
nhanesfull.csv:201,\laboratory\biochemistry\Cholesterol (mg/dL)\,,NUMERIC,
nhanesfull.csv:215,\laboratory\biochemistry\Chloride (mmol/L)\,,NUMERIC,
nhanesfull.csv:610,\laboratory\biochemistry\Creatinine (mg/dL)\,,NUMERIC,
nhanesfull.csv:212,\laboratory\biochemistry\1/Creatinine (mg/dL)\,,NUMERIC,
nhanesfull.csv:194,\laboratory\nutrients\Selenium(ug/L)\,,NUMERIC,
nhanesfull.csv:217,\laboratory\biochemistry\Globulin (g/dL)\,,NUMERIC,
nhanesfull.csv:204,\laboratory\biochemistry\Glucose serum (mg/dL)\N,NUMERIC,
nhanesfull.csv:203,\laboratory\biochemistry\Gamma glutamyl transferase (U/L)\,,NUMERIC,
nhanesfull.csv:205,\laboratory\biochemistry\Iron refigerated (ug/dL)\N,NUMERIC,
nhanesfull.csv:214,\laboratory\biochemistry\Potassium (mmol/L)\,,NUMERIC,
nhanesfull.csv:206,\laboratory\biochemistry\Lactate dehydrogenase LDH (U/L)\,,NUMERIC,
nhanesfull.csv:213,\laboratory\biochemistry\Sodium (mmol/L)\,,NUMERIC,
nhanesfull.csv:216,\laboratory\biochemistry\Osmolality (mmol/Kg)\,,NUMERIC,
nhanesfull.csv:207,\laboratory\biochemistry\Phosphorus (mg/dL)\,,NUMERIC,
nhanesfull.csv:208,\laboratory\biochemistry\Total bilirubin (mg/dL)\,,NUMERIC,
nhanesfull.csv:209,\laboratory\biochemistry\Total protein (g/dL)\,,NUMERIC,
nhanesfull.csv:210,\laboratory\biochemistry\Triglycerides (mg/dL)\,,NUMERIC,
nhanesfull.csv:211,\laboratory\biochemistry\Uric acid (mg/dL)\,,NUMERIC,
nhanesfull.csv:854,\laboratory\bacterial infection\Syphilis IgG EIA\,,TEXT,
nhanesfull.csv:254,\laboratory\hormone\Thyroxine (T4) (ug/dL)\,,NUMERIC,
nhanesfull.csv:70,\laboratory\biochemistry\Total Cholesterol (mg/dL)\,,NUMERIC,
nhanesfull.csv:152,\laboratory\pcbs\3445-tcb (fg/g)\N,NUMERIC,
nhanesfull.csv:154,\laboratory\dioxins\2378-tcdd (fg/g)\N,NUMERIC,
nhanesfull.csv:765,\laboratory\biochemistry\Transferrin receptor (mg/L)\,,TEXT,
nhanesfull.csv:41,\laboratory\heavy metals\Mercury total (ug/L)\N,NUMERIC,
nhanesfull.csv:219,\laboratory\biochemistry\TIBC Frozen Serum (ug/dL)\N,NUMERIC,
nhanesfull.csv:176,\laboratory\pesticides\Trans-nonachlor (ng/g)\,,NUMERIC,
nhanesfull.csv:76,\laboratory\bacterial infection\Toxoplasma (IgG)\,,NUMERIC,
nhanesfull.csv:77,\laboratory\bacterial infection\Toxoplasma (IgM)\,,NUMERIC,
nhanesfull.csv:233,\laboratory\bacterial infection\Toxoplasma (Dye)\,,TEXT,
nhanesfull.csv:901,\laboratory\bacterial infection\Toxoplasma (Avidity) IgG\,,TEXT,
nhanesfull.csv:71,\laboratory\biochemistry\Triglyceride (mg/dL)\,,NUMERIC,
nhanesfull.csv:255,\laboratory\hormone\Thyroid stim hormone (TSH) (IU/L)\,,NUMERIC,
nhanesfull.csv:852,\laboratory\bacterial infection\Toxic Shock Syndrome Toxin 1\,,TEXT,
nhanesfull.csv:831,\laboratory\bacterial infection\Trichomonas Vaginalis\,,TEXT,
nhanesfull.csv:747,\laboratory\volatile compounds\Blood 11-Dichloroethane (ng/mL)\T,NUMERIC,
nhanesfull.csv:748,\laboratory\volatile compounds\Blood 12-Dichlorobenzene (ng/mL)\T,NUMERIC,
nhanesfull.csv:749,\laboratory\volatile compounds\Blood 11-Dichloroethene (ng/mL)\T,NUMERIC,
nhanesfull.csv:750,\laboratory\volatile compounds\Blood 12-Dichloroethane (ng/mL)\T,NUMERIC,
nhanesfull.csv:751,\laboratory\volatile compounds\Blood cis-12-Dichloroethene (ng/mL)\T,NUMERIC,
nhanesfull.csv:1153,\laboratory\volatile compounds\Blood 112-Trichloroethene (ng/mL)\T,NUMERIC,
nhanesfull.csv:762,\laboratory\volatile compounds\Blood 12-Dibromo-3-chloropropane(ng/mL)\T,NUMERIC,
nhanesfull.csv:752,\laboratory\volatile compounds\Blood trans-12-Dichloroethene (ng/mL)\T,NUMERIC,
nhanesfull.csv:34,\laboratory\volatile compounds\Blood 111-Trichloroethane (ng/mL)\N,NUMERIC,
nhanesfull.csv:753,\laboratory\volatile compounds\Blood 13-Dichlorobenzene (ng/mL)\T,NUMERIC,
nhanesfull.csv:754,\laboratory\volatile compounds\Blood 112-Trichloroethane (ng/mL)\T,NUMERIC,
nhanesfull.csv:21,\laboratory\volatile compounds\Blood Tetrachloroethene (ng/mL)\,,NUMERIC,
nhanesfull.csv:1154,\laboratory\volatile compounds\Blood 1122-Tetrachloroethane (ng/mL)\T,NUMERIC,
nhanesfull.csv:755,\laboratory\volatile compounds\Blood 1122-Tetrachloroethane (ng/mL)\T,NUMERIC,
nhanesfull.csv:80,\laboratory\bacterial infection\Varicella\,,NUMERIC,
nhanesfull.csv:857,\laboratory\nutrients\Vitamin B6(Pyridoxal 5-phosphate)nmol/L\,,TEXT,
nhanesfull.csv:22,\laboratory\volatile compounds\Blood Bromoform (pg/mL)\,,NUMERIC,
nhanesfull.csv:23,\laboratory\volatile compounds\Blood Bromodichloromethane (pg/mL)\,,NUMERIC,
nhanesfull.csv:24,\laboratory\volatile compounds\Blood Benzene (ng/mL)\,,NUMERIC,
nhanesfull.csv:756,\laboratory\volatile compounds\Blood Chlorobenzene (ng/mL)\,,TEXT,
nhanesfull.csv:25,\laboratory\volatile compounds\Blood Chloroform (pg/mL)\,,NUMERIC,
nhanesfull.csv:26,\laboratory\volatile compounds\Blood Dibromochloromethane (pg/mL)\,,NUMERIC,
nhanesfull.csv:27,\laboratory\volatile compounds\Blood Carbon Tetrachloride (ng/mL)\,,NUMERIC,
nhanesfull.csv:28,\laboratory\volatile compounds\Blood 14-Dichlorobenzene (ng/mL)\N,NUMERIC,
nhanesfull.csv:757,\laboratory\volatile compounds\Blood Dibromomethane (ng/mL)\,,TEXT,
nhanesfull.csv:758,\laboratory\volatile compounds\Blood 12-Dichloropropane (ng/mL)\T,NUMERIC,
nhanesfull.csv:29,\laboratory\volatile compounds\Blood Ethylbenzene (ng/mL)\,,NUMERIC,
nhanesfull.csv:759,\laboratory\volatile compounds\Blood Hexachloroethane (ng/mL)\,,TEXT,
nhanesfull.csv:225,\laboratory\nutrients\Retinol(ug/dL)\,,NUMERIC,
nhanesfull.csv:776,\laboratory\nutrients\Vitamin C (mg/dL)\,,TEXT,
nhanesfull.csv:775,\laboratory\nutrients\Vitamin D (ng/mL)\,,TEXT,
nhanesfull.csv:221,\laboratory\nutrients\a-Tocopherol(ug/dL)\,,NUMERIC,
nhanesfull.csv:760,\laboratory\volatile compounds\Blood Methylene Chloride (ng/mL)\,,TEXT,
nhanesfull.csv:30,\laboratory\volatile compounds\Blood MTBE (pg/mL)\,,NUMERIC,
nhanesfull.csv:763,\laboratory\volatile compounds\Blood Nitrobenezene (ng/mL)\,,TEXT,
nhanesfull.csv:31,\laboratory\volatile compounds\Blood o-Xylene (ng/mL)\,,NUMERIC,
nhanesfull.csv:32,\laboratory\volatile compounds\Blood Styrene (ng/mL)\,,NUMERIC,
nhanesfull.csv:33,\laboratory\volatile compounds\Blood Trichloroethene (ng/mL)\,,NUMERIC,
nhanesfull.csv:1155,\laboratory\volatile compounds\Blood 111-Trichloroethane (ng/mL)\T,NUMERIC,
nhanesfull.csv:35,\laboratory\volatile compounds\Blood Toluene (ng/mL)\,,NUMERIC,
nhanesfull.csv:36,\laboratory\volatile compounds\Blood m-/p-Xylene (ng/mL)\,,NUMERIC,
nhanesfull.csv:892,\laboratory\allergen test\Thistle IgE antibody (kU/L)\,,TEXT,
nhanesfull.csv:102,\laboratory\blood\White blood cell count (1000 cells/uL)\,,NUMERIC,
nhanesfull.csv:16,\laboratory\volatile compounds\Water Bromoform (ng/mL)\,,NUMERIC,
nhanesfull.csv:18,\laboratory\volatile compounds\Water Bromodichloromethane (ng/mL)\,,NUMERIC,
nhanesfull.csv:17,\laboratory\volatile compounds\Water Chloroform (ng/mL)\,,NUMERIC,
nhanesfull.csv:19,\laboratory\volatile compounds\Water Dibromochloromethane (ng/mL)\,,NUMERIC,
nhanesfull.csv:911,\laboratory\perchlorate\Iodide water (ng/mL)\T,NUMERIC,
nhanesfull.csv:20,\laboratory\volatile compounds\Water MTBE (ng/mL)\,,NUMERIC,
nhanesfull.csv:912,\laboratory\perchlorate\Nitrate water (ng/mL)\T,NUMERIC,
nhanesfull.csv:913,\laboratory\perchlorate\Perchlorate water (ng/mL)\T,NUMERIC,
nhanesfull.csv:275,\laboratory\volatile compounds\Benzene (ug/cubic meter)\,,NUMERIC,
nhanesfull.csv:274,\laboratory\volatile compounds\Chloroform (ug/cubic meter)\,,NUMERIC,
nhanesfull.csv:267,\laboratory\volatile compounds\14-dichlorobenzene (ug/cubic meter)\N,NUMERIC,
nhanesfull.csv:874,\laboratory\nutrients\Zeaxanthin(ug/dL)\,,TEXT,
nhanesfull.csv:273,\laboratory\volatile compounds\Ethylbenzene (ug/cubic meter)\,,NUMERIC,
nhanesfull.csv:266,\laboratory\volatile compounds\MTBE (ug/cubic meter)\,,NUMERIC,
nhanesfull.csv:269,\laboratory\volatile compounds\o-Xylene (ug/cubic meter)\,,NUMERIC,
nhanesfull.csv:272,\laboratory\volatile compounds\Tetrachloroethene (ug/cubic meter)\,,NUMERIC,
nhanesfull.csv:270,\laboratory\volatile compounds\Trichloroethene (ug/cubic meter)\,,NUMERIC,
nhanesfull.csv:271,\laboratory\volatile compounds\Toluene (ug/cubic meter)\,,NUMERIC,
nhanesfull.csv:268,\laboratory\volatile compounds\mp-Xylene (ug/cubic meter)\N,NUMERIC,
nhanesfull.csv:674,\questionnaire\supplement use\LEUCINE_mg\,,NUMERIC,
nhanesfull.csv:710,\questionnaire\disease\leukemia_self_report\,,NUMERIC,
nhanesfull.csv:978,\questionnaire\pharmaceutical\LEVOTHYROXINE\,,TEXT,
nhanesfull.csv:297,\questionnaire\pharmaceutical\LEVOTHYROXINE_SODIUM\,,NUMERIC,
nhanesfull.csv:303,\questionnaire\pharmaceutical\LISINOPRIL\,,NUMERIC,
nhanesfull.csv:1077,\questionnaire\food component recall\Light Salt\,,TEXT,
nhanesfull.csv:711,\questionnaire\disease\liver_cancer_self_report\,,NUMERIC,
nhanesfull.csv:305,\questionnaire\pharmaceutical\LORATADINE\,,NUMERIC,
nhanesfull.csv:388,\questionnaire\pharmaceutical\LORATADINE__PSEUDOEPHEDRINE_SULFATE\,,NUMERIC,
nhanesfull.csv:375,\questionnaire\pharmaceutical\LORAZEPAM\,,NUMERIC,
nhanesfull.csv:1014,\questionnaire\pharmaceutical\LOSARTAN\,,TEXT,
nhanesfull.csv:369,\questionnaire\pharmaceutical\LOSARTAN_POTASSIUM\,,NUMERIC,
nhanesfull.csv:1018,\questionnaire\pharmaceutical\LOVASTATIN\,,TEXT,
nhanesfull.csv:712,\questionnaire\disease\lung_cancer_self_report\,,NUMERIC,
nhanesfull.csv:713,\questionnaire\disease\lymphoma_self_report\,,NUMERIC,
nhanesfull.csv:675,\questionnaire\supplement use\LYSINE_mg\,,NUMERIC,
nhanesfull.csv:676,\questionnaire\supplement use\MAGNESIUM_mg\,,NUMERIC,
nhanesfull.csv:677,\questionnaire\supplement use\MAGNESIUM_PPM\,,NUMERIC,
nhanesfull.csv:1118,\questionnaire\supplement use\MAGNESIUM_Unknown\,,TEXT,
nhanesfull.csv:626,\examination\blood pressure\mean diastolic\,,NUMERIC,
nhanesfull.csv:359,\questionnaire\pharmaceutical\MECLIZINE_HYDROCHLORIDE\,,NUMERIC,
nhanesfull.csv:341,\questionnaire\pharmaceutical\MEDROXYPROGESTERONE_ACETATE\,,NUMERIC,
nhanesfull.csv:714,\questionnaire\disease\melanoma_self_report\,,NUMERIC,
nhanesfull.csv:981,\questionnaire\pharmaceutical\METFORMIN\,,TEXT,
nhanesfull.csv:299,\questionnaire\pharmaceutical\METFORMIN_HYDROCHLORIDE\,,NUMERIC,
nhanesfull.csv:678,\questionnaire\supplement use\METHIONINE_mg\,,NUMERIC,
nhanesfull.csv:1008,\questionnaire\pharmaceutical\METHYLPHENIDATE\,,TEXT,
nhanesfull.csv:336,\questionnaire\pharmaceutical\METHYLPHENIDATE_HYDROCHLORIDE\,,NUMERIC,
nhanesfull.csv:980,\questionnaire\pharmaceutical\METOPROLOL\,,TEXT,
nhanesfull.csv:338,\questionnaire\pharmaceutical\METOPROLOL_SUCCINATE\,,NUMERIC,
nhanesfull.csv:330,\questionnaire\pharmaceutical\METOPROLOL_TARTRATE\,,NUMERIC,
nhanesfull.csv:963,\questionnaire\pharmaceutical\METOPROLOL_UNSPECIFIED\,,TEXT,
nhanesfull.csv:969,\questionnaire\pharmaceutical\MOMETASONE_FUROATE_MONOHYDRATE\,,TEXT,
nhanesfull.csv:1043,\questionnaire\pharmaceutical\MOMETASONE_NASAL\,,TEXT,
nhanesfull.csv:987,\questionnaire\pharmaceutical\MONTELUKAST\,,TEXT,
nhanesfull.csv:384,\questionnaire\pharmaceutical\MONTELUKAST_SODIUM\,,NUMERIC,
nhanesfull.csv:715,\questionnaire\disease\mouth_cancer_self_report\,,NUMERIC,
nhanesfull.csv:625,\examination\blood pressure\mean systolic\,,NUMERIC,
nhanesfull.csv:327,\questionnaire\pharmaceutical\NAPROXEN\,,NUMERIC,
nhanesfull.csv:716,\questionnaire\disease\nervous_cancer_self_report\,,NUMERIC,
nhanesfull.csv:316,\questionnaire\pharmaceutical\NIFEDIPINE\,,NUMERIC,
nhanesfull.csv:335,\questionnaire\pharmaceutical\NITROGLYCERIN\,,NUMERIC,
nhanesfull.csv:1078,\questionnaire\food component recall\No Salt\,,TEXT,
nhanesfull.csv:417,\questionnaire\occupation\num_months_longest_job\,,NUMERIC,
nhanesfull.csv:418,\questionnaire\occupation\num_months_main_job\,,NUMERIC,
nhanesfull.csv:480,\questionnaire\social support\number_close_friends\,,NUMERIC,
nhanesfull.csv:1156,\questionnaire\occupation\occupation (never blue-semi blue-high white-semi white-high)\T,NUMERIC,
nhanesfull.csv:419,\questionnaire\occupation\occupation_construction\,,TEXT,
nhanesfull.csv:420,\questionnaire\occupation\occupation_farm\,,TEXT,
nhanesfull.csv:421,\questionnaire\occupation\occupation_household\,,NUMERIC,
nhanesfull.csv:422,\questionnaire\occupation\occupation_laborer\,,TEXT,
nhanesfull.csv:423,\questionnaire\occupation\occupation_midmanage\,,NUMERIC,
nhanesfull.csv:424,\questionnaire\occupation\occupation_military\,,TEXT,
nhanesfull.csv:425,\questionnaire\occupation\occupation_repair\,,TEXT,
nhanesfull.csv:426,\questionnaire\occupation\occupation_transport\,,TEXT,
nhanesfull.csv:283,\questionnaire\housing\old paint scraping\,,NUMERIC,
nhanesfull.csv:649,\questionnaire\supplement use\OMEGA_3_FATTY_ACIDS_mg\,,NUMERIC,
nhanesfull.csv:1108,\questionnaire\supplement use\OMEGA_3_FATTY_ACIDS_Unknown\,,TEXT,
nhanesfull.csv:1126,\questionnaire\supplement use\OMEGA_6_FATTY_ACIDS_mg\,,TEXT,
nhanesfull.csv:648,\questionnaire\supplement use\OMEGA_6_FATTY_ACIDS_NA\,,NUMERIC,
nhanesfull.csv:1127,\questionnaire\supplement use\OMEGA_9_FATTY_ACIDS_mg\,,TEXT,
nhanesfull.csv:650,\questionnaire\supplement use\OMEGA_9_FATTY_ACIDS_NA\,,NUMERIC,
nhanesfull.csv:307,\questionnaire\pharmaceutical\OMEPRAZOLE\,,NUMERIC,
nhanesfull.csv:1079,\questionnaire\food component recall\Ordinary Salt\,,TEXT,
nhanesfull.csv:728,\questionnaire\disease\other_cancer_self_report\,,NUMERIC,
nhanesfull.csv:1109,\questionnaire\supplement use\OTHER_FATTY_ACIDS_mg\,,TEXT,
nhanesfull.csv:651,\questionnaire\supplement use\OTHER_FATTY_ACIDS_NA\,,NUMERIC,
nhanesfull.csv:652,\questionnaire\supplement use\OTHER_OMEGA_3_FATTY_ACIDS_NA\,,NUMERIC,
nhanesfull.csv:722,\questionnaire\disease\other_skin_cancer_self_report\,,NUMERIC,
nhanesfull.csv:717,\questionnaire\disease\ovarian_cancer_self_report\,,NUMERIC,
nhanesfull.csv:1052,\questionnaire\pharmaceutical\OXYBUTYNIN\,,TEXT,
nhanesfull.csv:284,\questionnaire\housing\paint chipping inside\,,NUMERIC,
nhanesfull.csv:285,\questionnaire\housing\paint chipping outside\,,NUMERIC,
nhanesfull.csv:718,\questionnaire\disease\pancreatic_cancer_self_report\,,NUMERIC,
nhanesfull.csv:994,\questionnaire\pharmaceutical\PANTOPRAZOLE\,,TEXT,
nhanesfull.csv:964,\questionnaire\pharmaceutical\PANTOPRAZOLE_SODIUM\,,TEXT,
nhanesfull.csv:995,\questionnaire\pharmaceutical\PAROXETINE\,,TEXT,
nhanesfull.csv:337,\questionnaire\pharmaceutical\PAROXETINE_HYDROCHLORIDE\,,NUMERIC,
nhanesfull.csv:1045,\questionnaire\pharmaceutical\PENICILLIN\,,TEXT,
nhanesfull.csv:897,\laboratory\biochemistry\Total length of food fast hours\T,NUMERIC,
nhanesfull.csv:898,\laboratory\biochemistry\Total length of food fast minutes\T,NUMERIC,
nhanesfull.csv:679,\questionnaire\supplement use\PHENYLALANINE_mg\,,NUMERIC,
nhanesfull.csv:386,\questionnaire\pharmaceutical\PHENYTOIN_SODIUM\,,NUMERIC,
nhanesfull.csv:680,\questionnaire\supplement use\PHOSPHORUS_mg\,,NUMERIC,
nhanesfull.csv:1119,\questionnaire\supplement use\PHOSPHORUS_Trace\,,TEXT,
nhanesfull.csv:1120,\questionnaire\supplement use\PHOSPHORUS_Unknown\,,TEXT,
nhanesfull.csv:639,\questionnaire\physical fitness\Physical Activity (MET-based rank)\,,NUMERIC,
nhanesfull.csv:1024,\questionnaire\pharmaceutical\PIOGLITAZONE\,,TEXT,
nhanesfull.csv:407,\questionnaire\immunization\pneumonia\,,NUMERIC,
nhanesfull.csv:1050,\questionnaire\pharmaceutical\POLYETHYLENE_GLYCOL_3350\,,TEXT,
nhanesfull.csv:309,\questionnaire\pharmaceutical\POTASSIUM_CHLORIDE\,,NUMERIC,
nhanesfull.csv:681,\questionnaire\supplement use\POTASSIUM_mg\,,NUMERIC,
nhanesfull.csv:1000,\questionnaire\pharmaceutical\PRAVASTATIN\,,TEXT,
nhanesfull.csv:332,\questionnaire\pharmaceutical\PRAVASTATIN_SODIUM\,,NUMERIC,
nhanesfull.csv:325,\questionnaire\pharmaceutical\PREDNISONE\,,NUMERIC,
nhanesfull.csv:286,\questionnaire\housing\private water source\,,NUMERIC,
nhanesfull.csv:682,\questionnaire\supplement use\PROLINE_mg\,,NUMERIC,
nhanesfull.csv:1021,\questionnaire\pharmaceutical\PROPRANOLOL\,,TEXT,
nhanesfull.csv:350,\questionnaire\pharmaceutical\PROPRANOLOL_HYDROCHLORIDE\,,NUMERIC,
nhanesfull.csv:719,\questionnaire\disease\prostate_cancer_self_report\,,NUMERIC,
nhanesfull.csv:683,\questionnaire\supplement use\PROTEIN_gm\,,NUMERIC,
nhanesfull.csv:289,\questionnaire\alcohol use\drink per day\,,NUMERIC,
nhanesfull.csv:1004,\questionnaire\pharmaceutical\QUINAPRIL\,,TEXT,
nhanesfull.csv:331,\questionnaire\pharmaceutical\QUINAPRIL_HYDROCHLORIDE\,,NUMERIC,
nhanesfull.csv:1010,\questionnaire\pharmaceutical\RABEPRAZOLE\,,TEXT,
nhanesfull.csv:965,\questionnaire\pharmaceutical\RABEPRAZOLE_SODIUM\,,TEXT,
nhanesfull.csv:1168,\demographics\RACE\,,TEXT,
nhanesfull.csv:973,\questionnaire\pharmaceutical\RALOXIFENE_HYDROCHLORIDE\,,TEXT,
nhanesfull.csv:971,\questionnaire\pharmaceutical\RAMIPRIL\,,TEXT,
nhanesfull.csv:984,\questionnaire\pharmaceutical\RANITIDINE\,,TEXT,
nhanesfull.csv:324,\questionnaire\pharmaceutical\RANITIDINE_HYDROCHLORIDE\,,NUMERIC,
nhanesfull.csv:720,\questionnaire\disease\rectum_cancer_self_report\,,NUMERIC,
nhanesfull.csv:445,\questionnaire\pharmaceutical\Used DepoProvera or injectables?\,,NUMERIC,
nhanesfull.csv:444,\questionnaire\pharmaceutical\Now use DepoProvera or injectables?\,,NUMERIC,
nhanesfull.csv:443,\questionnaire\pharmaceutical\Ever use female hormones?\,,NUMERIC,
nhanesfull.csv:442,\questionnaire\pharmaceutical\Use hormone pills w/estrogen only\,,NUMERIC,
nhanesfull.csv:441,\questionnaire\pharmaceutical\Age started estrogen-only pills\,,NUMERIC,
nhanesfull.csv:440,\questionnaire\pharmaceutical\Taking estrogen-only pills now?\,,NUMERIC,
nhanesfull.csv:439,\questionnaire\pharmaceutical\Used hormone pills w/progestin only\,,NUMERIC,
nhanesfull.csv:438,\questionnaire\pharmaceutical\Age started progestin-only pills\,,TEXT,
nhanesfull.csv:437,\questionnaire\pharmaceutical\Taking progestin only pills now?\,,TEXT,
nhanesfull.csv:436,\questionnaire\pharmaceutical\Used estrogen/progestin combo pills\,,NUMERIC,
nhanesfull.csv:435,\questionnaire\pharmaceutical\Age started estrogen/progestin pills\,,TEXT,
nhanesfull.csv:434,\questionnaire\pharmaceutical\Taking estrogen/progestin now?\,,TEXT,
nhanesfull.csv:433,\questionnaire\pharmaceutical\Used estrogen-only patches?\,,TEXT,
nhanesfull.csv:432,\questionnaire\pharmaceutical\Age started estrogen-only patches\,,TEXT,
nhanesfull.csv:431,\questionnaire\pharmaceutical\Using estrogen-only patches now?\,,TEXT,
nhanesfull.csv:430,\questionnaire\pharmaceutical\Used estrogen/progestin combo patches?\,,TEXT,
nhanesfull.csv:429,\questionnaire\pharmaceutical\Age started estrogen/progestin patches\,,TEXT,
nhanesfull.csv:428,\questionnaire\pharmaceutical\Using estrogen/progestin patches now?\,,TEXT,
nhanesfull.csv:684,\questionnaire\supplement use\RIBOFLAVIN_mg\,,NUMERIC,
nhanesfull.csv:1121,\questionnaire\supplement use\RIBOFLAVIN_Unknown\,,TEXT,
nhanesfull.csv:356,\questionnaire\pharmaceutical\ROFECOXIB\,,NUMERIC,
nhanesfull.csv:1005,\questionnaire\pharmaceutical\ROSIGLITAZONE\,,TEXT,
nhanesfull.csv:966,\questionnaire\pharmaceutical\ROSIGLITAZONE_MALEATE\,,TEXT,
nhanesfull.csv:367,\questionnaire\pharmaceutical\SALMETEROL_XINAFOATE\,,NUMERIC,
nhanesfull.csv:1080,\questionnaire\food component recall\Salt Substitute\,,TEXT,
nhanesfull.csv:5,\demographics\SDDSRVYR\,,NUMERIC,
nhanesfull.csv:3,\demographics\SDMVPSU\,,NUMERIC,
nhanesfull.csv:4,\demographics\SDMVSTRA\,,NUMERIC,
nhanesfull.csv:685,\questionnaire\supplement use\SELENIUM_mcg\,,NUMERIC,
nhanesfull.csv:1122,\questionnaire\supplement use\SELENIUM_Trace\,,TEXT,
nhanesfull.csv:1123,\questionnaire\supplement use\SELENIUM_Unknown\,,TEXT,
nhanesfull.csv:686,\questionnaire\supplement use\SERINE_mg\,,NUMERIC,
nhanesfull.csv:988,\questionnaire\pharmaceutical\SERTRALINE\,,TEXT,
nhanesfull.csv:326,\questionnaire\pharmaceutical\SERTRALINE_HYDROCHLORIDE\,,NUMERIC,
nhanesfull.csv:0,\demographics\SES_LEVEL\,,NUMERIC,
nhanesfull.csv:1167,\demographics\SEX\,,TEXT,
nhanesfull.csv:311,\questionnaire\pharmaceutical\SIMVASTATIN\,,NUMERIC,
nhanesfull.csv:721,\questionnaire\disease\skin_cancer_self_report\,,NUMERIC,
nhanesfull.csv:477,\questionnaire\smoking behavior\Age started smoking cigarettes regularly\,,NUMERIC,
nhanesfull.csv:476,\questionnaire\smoking behavior\Age last smoked cigarettes regularly\,,NUMERIC,
nhanesfull.csv:475,\questionnaire\smoking behavior\# cigarettes smoked per day when quit\,,NUMERIC,
nhanesfull.csv:474,\questionnaire\smoking behavior\# cigarettes smoked per day now\,,NUMERIC,
nhanesfull.csv:473,\questionnaire\smoking behavior\How many years smoked this amount\,,NUMERIC,
nhanesfull.csv:472,\questionnaire\smoking behavior\# days smoked cigs during past 30 days\,,NUMERIC,
nhanesfull.csv:471,\questionnaire\smoking behavior\Avg # cigarettes/day during past 30 days\,,NUMERIC,
nhanesfull.csv:470,\questionnaire\smoking behavior\FTC Carbon Monoxide Content\,,NUMERIC,
nhanesfull.csv:469,\questionnaire\smoking behavior\Filter type\,,NUMERIC,
nhanesfull.csv:468,\questionnaire\smoking behavior\Menthol indicator\,,NUMERIC,
nhanesfull.csv:467,\questionnaire\smoking behavior\FTC Nicotine Content\,,NUMERIC,
nhanesfull.csv:466,\questionnaire\smoking behavior\FTC Tar Content\,,NUMERIC,
nhanesfull.csv:465,\questionnaire\smoking behavior\Age started pipe smoking regularly\,,NUMERIC,
nhanesfull.csv:464,\questionnaire\smoking behavior\Age started cigar smoking regularly\,,NUMERIC,
nhanesfull.csv:463,\questionnaire\smoking behavior\Age started using snuff regularly\,,TEXT,
nhanesfull.csv:462,\questionnaire\smoking behavior\Age started chewing tobacco regularly\,,TEXT,
nhanesfull.csv:461,\questionnaire\smoking behavior\# years used this chewing tobacco amount\,,TEXT,
nhanesfull.csv:404,\questionnaire\smoking family\Does anyone smoke in home?\,,NUMERIC,
nhanesfull.csv:403,\questionnaire\smoking family\Total number of smokers in home\,,NUMERIC,
nhanesfull.csv:402,\questionnaire\smoking family\Total # of cigarette smokers in home\,,NUMERIC,
nhanesfull.csv:401,\questionnaire\smoking family\Total # of cigar smokers in home\,,NUMERIC,
nhanesfull.csv:400,\questionnaire\smoking family\Total # of pipe smokers in home\,,TEXT,
nhanesfull.csv:399,\questionnaire\smoking family\Total # of cigarettes smoked in home\,,NUMERIC,
nhanesfull.csv:398,\questionnaire\smoking family\Total # cigars smoked in home\,,NUMERIC,
nhanesfull.csv:397,\questionnaire\smoking family\Total # of pipes smoked in home\,,TEXT,
nhanesfull.csv:1056,\questionnaire\smoking behavior\# days smoked cigs during past 30 days\,,TEXT,
nhanesfull.csv:1055,\questionnaire\smoking behavior\Avg # cigarettes/day during past 30 days\,,TEXT,
nhanesfull.csv:427,\questionnaire\occupation\smell_tobacco\,,NUMERIC,
nhanesfull.csv:460,\questionnaire\smoking behavior\Smoked at least 100 cigarettes in life\,,NUMERIC,
nhanesfull.csv:459,\questionnaire\smoking behavior\Do you now smoke cigarettes...\,,NUMERIC,
nhanesfull.csv:458,\questionnaire\smoking behavior\number of days since quit\,,NUMERIC,
nhanesfull.csv:1057,\questionnaire\smoking behavior\How soon after waking do you smoke\,,TEXT,
nhanesfull.csv:457,\questionnaire\smoking behavior\Smoked a pipe at least 20 times in life\,,NUMERIC,
nhanesfull.csv:456,\questionnaire\smoking behavior\Smoked cigars at least 20 times in life\,,NUMERIC,
nhanesfull.csv:455,\questionnaire\smoking behavior\Used snuff at least 20 times in life\,,NUMERIC,
nhanesfull.csv:454,\questionnaire\smoking behavior\Used chewing tobacco 20 times in life\,,NUMERIC,
nhanesfull.csv:453,\questionnaire\smoking behavior\Do you now use chewing tobacco\,,TEXT,
nhanesfull.csv:687,\questionnaire\supplement use\SODIUM_mg\,,NUMERIC,
nhanesfull.csv:1129,\questionnaire\supplement use\SODIUM_Trace\,,TEXT,
nhanesfull.csv:723,\questionnaire\disease\soft_cancer_self_report\,,NUMERIC,
nhanesfull.csv:392,\questionnaire\pharmaceutical\SPIRONOLACTONE\,,NUMERIC,
nhanesfull.csv:1097,\questionnaire\food component recall\Spring Water\,,TEXT,
nhanesfull.csv:920,\laboratory\melamine\Melamine\,,TEXT,
nhanesfull.csv:724,\questionnaire\disease\stomach_cancer_self_report\,,NUMERIC,
nhanesfull.csv:1166,SUBJECT_ID,,NUMERIC,
nhanesfull.csv:355,\questionnaire\pharmaceutical\SULFAMETHOXAZOLE__TRIMETHOPRIM\,,NUMERIC,
nhanesfull.csv:641,\questionnaire\supplement use\total supplement count\,,NUMERIC,
nhanesfull.csv:481,\questionnaire\sexual behavior\Ever had sexual intercourse\,,NUMERIC,
nhanesfull.csv:482,\questionnaire\viral infection\Doctor ever told you had genital herpes\,,NUMERIC,
nhanesfull.csv:483,\questionnaire\viral infection\Doctor ever told you had genital warts\,,NUMERIC,
nhanesfull.csv:484,\questionnaire\bacterial infection\Doctor ever told you had gonorrhea\,,NUMERIC,
nhanesfull.csv:485,\questionnaire\sexual behavior\Are you circumcised or uncircumcised\,,NUMERIC,
nhanesfull.csv:396,\questionnaire\pharmaceutical\taking_birth_control\,,NUMERIC,
nhanesfull.csv:1019,\questionnaire\pharmaceutical\TAMSULOSIN\,,TEXT,
nhanesfull.csv:486,\questionnaire\bacterial infection\Ever told had positive TB skin test\,,NUMERIC,
nhanesfull.csv:487,\questionnaire\bacterial infection\Prescribed medicine for preventing TB\,,NUMERIC,
nhanesfull.csv:488,\questionnaire\bacterial infection\Ever told you had active TB\,,NUMERIC,
nhanesfull.csv:489,\questionnaire\bacterial infection\Prescribed medicine for active TB\,,TEXT,
nhanesfull.csv:490,\questionnaire\bacterial infection\Lived in household TB sick person\,,NUMERIC,
nhanesfull.csv:1160,\laboratory\aging\Mean Telomere Length\,,NUMERIC,
nhanesfull.csv:1161,\laboratory\aging\Telomere SD\,,NUMERIC,
nhanesfull.csv:1020,\questionnaire\pharmaceutical\TERAZOSIN\,,TEXT,
nhanesfull.csv:344,\questionnaire\pharmaceutical\TERAZOSIN_HYDROCHLORIDE\,,NUMERIC,
nhanesfull.csv:725,\questionnaire\disease\testis_cancer_self_report\,,NUMERIC,
nhanesfull.csv:347,\questionnaire\pharmaceutical\THEOPHYLLINE\,,NUMERIC,
nhanesfull.csv:688,\questionnaire\supplement use\THIAMIN_mg\,,NUMERIC,
nhanesfull.csv:1124,\questionnaire\supplement use\THIAMIN_Unknown\,,TEXT,
nhanesfull.csv:689,\questionnaire\supplement use\THREONINE_mg\,,NUMERIC,
nhanesfull.csv:726,\questionnaire\disease\thyroid_cancer_self_report\,,NUMERIC,
nhanesfull.csv:977,\questionnaire\pharmaceutical\TOLTERODINE_TARTRATE\,,TEXT,
nhanesfull.csv:691,\questionnaire\supplement use\TOTAL_CARBOHYDRATE_gm\,,NUMERIC,
nhanesfull.csv:290,\questionnaire\alcohol use\days 5 drinks in year\,,NUMERIC,
nhanesfull.csv:291,\questionnaire\alcohol use\days drink in year\,,NUMERIC,
nhanesfull.csv:1027,\questionnaire\pharmaceutical\TRAMADOL\,,TEXT,
nhanesfull.csv:1022,\questionnaire\pharmaceutical\TRAZODONE\,,TEXT,
nhanesfull.csv:362,\questionnaire\pharmaceutical\TRAZODONE_HYDROCHLORIDE\,,NUMERIC,
nhanesfull.csv:360,\questionnaire\pharmaceutical\TRIAMCINOLONE_ACETONIDE\,,NUMERIC,
nhanesfull.csv:370,\questionnaire\pharmaceutical\TRIAMTERENE\,,NUMERIC,
nhanesfull.csv:692,\questionnaire\supplement use\TRYPTOPHAN_mg\,,NUMERIC,
nhanesfull.csv:693,\questionnaire\supplement use\TYROSINE_mg\,,NUMERIC,
nhanesfull.csv:234,\laboratory\pesticides\25-dichlorophenol (ug/L) result\N,NUMERIC,
nhanesfull.csv:235,\laboratory\pesticides\245-trichlorophenol (ug/L) result\N,NUMERIC,
nhanesfull.csv:236,\laboratory\pesticides\24-D (ug/L) result\N,NUMERIC,
nhanesfull.csv:237,\laboratory\pesticides\245-T (ug/L) result\N,NUMERIC,
nhanesfull.csv:238,\laboratory\pesticides\246-trichlorophenol (ug/L) result\N,NUMERIC,
nhanesfull.csv:248,\laboratory\pesticides\4-fluoro-3-phenoxybenzoic (ug/L) acid\,,NUMERIC,
nhanesfull.csv:784,\laboratory\phenols\Urinary 4-tert-octyl phenol (ng/mL)\,,TEXT,
nhanesfull.csv:924,\laboratory\pesticides\Atrazine (ug/L)\,,TEXT,
nhanesfull.csv:905,\laboratory\pesticides\Acetochlor mercapturate (ug/L) result\,,TEXT,
nhanesfull.csv:925,\laboratory\pesticides\Acephate (ug/L)\,,TEXT,
nhanesfull.csv:239,\laboratory\pesticides\Atrazine mercapturate (ug/L) result\,,NUMERIC,
nhanesfull.csv:783,\laboratory\phenols\Urinary Benzophenone-3 (ng/mL)\,,TEXT,
nhanesfull.csv:782,\laboratory\phenols\Urinary Bisphenol A (ng/mL)\,,TEXT,
nhanesfull.csv:1132,\laboratory\pesticides\Bensulfuron methyl (ug/L)\,,TEXT,
nhanesfull.csv:916,\laboratory\phenols\Butyl paraben (ng/ml)\,,TEXT,
nhanesfull.csv:249,\laboratory\pesticides\dibromovinyl-dimeth prop carboacid(ug/L)\,,NUMERIC,
nhanesfull.csv:240,\laboratory\pesticides\Carbofuranphenol (ug/L) result\,,NUMERIC,
nhanesfull.csv:227,\laboratory\pesticides\cis dichlorovnl-dimeth carboacid (ug/L)\,,NUMERIC,
nhanesfull.csv:1133,\laboratory\pesticides\Chlorsulfuron (ug/L)\,,TEXT,
nhanesfull.csv:902,\laboratory\pesticides\chloro-hydro-meth-chromen-one/ol (ug/L)\,,TEXT,
nhanesfull.csv:1149,\laboratory\phthalates\Mono(carboxynonyl) phthalate (ng/mL)\,,TEXT,
nhanesfull.csv:1150,\laboratory\phthalates\Mono(carboxyoctyl) phthalate(ng/mL)\,,TEXT,
nhanesfull.csv:242,\laboratory\pesticides\356-trichloropyridinol (ug/L) result\N,NUMERIC,
nhanesfull.csv:896,\laboratory\biochemistry\Creatinine urine (umol/L)\T,NUMERIC,
nhanesfull.csv:926,\laboratory\pesticides\Desethyl atrazine mercapturate (ug/L)\,,TEXT,
nhanesfull.csv:256,\laboratory\phytoestrogens\Daidzein (ng/mL)\,,NUMERIC,
nhanesfull.csv:915,\laboratory\pesticides\24-dichlorophenol (ug/L) result\T,NUMERIC,
nhanesfull.csv:927,\laboratory\pesticides\Diaminochloroatrazine (ug/L)\,,TEXT,
nhanesfull.csv:241,\laboratory\pesticides\DEET (ug/L)\,,NUMERIC,
nhanesfull.csv:243,\laboratory\pesticides\Oxypyrimidine (ug/L) result\,,NUMERIC,
nhanesfull.csv:257,\laboratory\phytoestrogens\o-Desmethylangolensin (O-DMA) (ng/mL)\,,NUMERIC,
nhanesfull.csv:903,\laboratory\pesticides\diethylaminomethylpyrimidinol/one (ug/L)\,,TEXT,
nhanesfull.csv:928,\laboratory\pesticides\Desethyl atrazine (ug/L)\,,TEXT,
nhanesfull.csv:792,\laboratory\phthalates\Mono-2-ethyl-5-carboxypentyl phthalate\,,TEXT,
nhanesfull.csv:1134,\laboratory\pesticides\Ethametsulfuron methyl (ug/L)\,,TEXT,
nhanesfull.csv:917,\laboratory\phenols\Ethyl paraben (ng/ml)\,,TEXT,
nhanesfull.csv:258,\laboratory\phytoestrogens\Equol (ng/mL)\,,NUMERIC,
nhanesfull.csv:259,\laboratory\phytoestrogens\Enterodiol (ng/mL)\,,NUMERIC,
nhanesfull.csv:260,\laboratory\phytoestrogens\Enterolactone (ng/mL)\,,NUMERIC,
nhanesfull.csv:929,\laboratory\pesticides\Ethylenethio urea (ug/L)\,,TEXT,
nhanesfull.csv:1135,\laboratory\pesticides\Foramsulfuron (ug/L)\,,TEXT,
nhanesfull.csv:261,\laboratory\phytoestrogens\Genistein (ng/mL)\,,NUMERIC,
nhanesfull.csv:1136,\laboratory\pesticides\Halosulfuron (ug/L)\,,TEXT,
nhanesfull.csv:263,\laboratory\pesticides\Malathion diacid (ug/L)\,,NUMERIC,
nhanesfull.csv:95,\laboratory\phthalates\Mono-n-butyl phthalate\,,NUMERIC,
nhanesfull.csv:788,\laboratory\phthalates\Mono-(3-carboxypropyl) phthalate\,,TEXT,
nhanesfull.csv:96,\laboratory\phthalates\Mono-cyclohexyl phthalate\,,NUMERIC,
nhanesfull.csv:97,\laboratory\phthalates\Mono-ethyl phthalate\,,NUMERIC,
nhanesfull.csv:904,\laboratory\pesticides\Metolachlor mercapturate (ug/L) result\,,TEXT,
nhanesfull.csv:789,\laboratory\phthalates\Mono-(2-ethyl-5-hydroxyhexyl) phthalate\,,TEXT,
nhanesfull.csv:98,\laboratory\phthalates\Mono-(2-ethyl)-hexyl phthalate\,,NUMERIC,
nhanesfull.csv:791,\laboratory\phthalates\Mono-isobutyl phthalate\,,TEXT,
nhanesfull.csv:930,\laboratory\pesticides\Methamidaphos (ug/L)\,,TEXT,
nhanesfull.csv:787,\laboratory\phthalates\Mono-n-methyl phthalate\,,TEXT,
nhanesfull.csv:99,\laboratory\phthalates\Mono-isononyl phthalate\,,NUMERIC,
nhanesfull.csv:790,\laboratory\phthalates\Mono-(2-ethyl-5-oxohexl) phthalate\,,TEXT,
nhanesfull.csv:100,\laboratory\phthalates\Mono-n-octyl phthalate\,,NUMERIC,
nhanesfull.csv:918,\laboratory\phenols\Methyl paraben (ng/ml)\,,TEXT,
nhanesfull.csv:1137,\laboratory\pesticides\Mesosulfuron methyl (ug/L)\,,TEXT,
nhanesfull.csv:1138,\laboratory\pesticides\Metsulfuron methyl (ug/L)\,,TEXT,
nhanesfull.csv:931,\laboratory\pesticides\Dimethoate (ug/L)\,,TEXT,
nhanesfull.csv:101,\laboratory\phthalates\Mono-benzyl phthalate\,,NUMERIC,
nhanesfull.csv:1151,\laboratory\perchlorate\Urinary nitrate (ng/mL)\,,TEXT,
nhanesfull.csv:1139,\laboratory\pesticides\Nicosulfuron (ug/L)\,,TEXT,
nhanesfull.csv:231,\laboratory\biochemistry\N-Telopeptides (nmol BCE)\,,NUMERIC,
nhanesfull.csv:932,\laboratory\pesticides\O-methoate (ug/L)\,,TEXT,
nhanesfull.csv:122,\laboratory\diakyl\Dimethylphosphate (ug/L)\,,NUMERIC,
nhanesfull.csv:123,\laboratory\diakyl\Diethylphosphate (ug/L)\,,NUMERIC,
nhanesfull.csv:124,\laboratory\diakyl\Dimethylthiophosphate (ug/L)\,,NUMERIC,
nhanesfull.csv:125,\laboratory\diakyl\Diethylthiophosphate (ug/L)\,,NUMERIC,
nhanesfull.csv:126,\laboratory\diakyl\Dimethyldithiophosphate (ug/L)\,,NUMERIC,
nhanesfull.csv:127,\laboratory\diakyl\Diethyldithiophosphate (ug/L)\,,NUMERIC,
nhanesfull.csv:250,\laboratory\diakyl\3-phenoxybenzoic (ug/L) acid result\,,NUMERIC,
nhanesfull.csv:247,\laboratory\pesticides\O-Phenyl phenol (ug/L) result\,,NUMERIC,
nhanesfull.csv:1140,\laboratory\pesticides\Oxasulfuron (ug/L)\,,TEXT,
nhanesfull.csv:823,\laboratory\hydrocarbons\1-napthol (ng/L)\,,TEXT,
nhanesfull.csv:824,\laboratory\hydrocarbons\2-napthol (ng/L)\,,TEXT,
nhanesfull.csv:179,\laboratory\hydrocarbons\3-fluorene (ng/L)\,,NUMERIC,
nhanesfull.csv:180,\laboratory\hydrocarbons\2-fluorene (ng/L)\,,NUMERIC,
nhanesfull.csv:181,\laboratory\hydrocarbons\3-phenanthrene (ng/L)\,,NUMERIC,
nhanesfull.csv:182,\laboratory\hydrocarbons\1-phenanthrene (ng/L)\,,NUMERIC,
nhanesfull.csv:183,\laboratory\hydrocarbons\2-phenanthrene (ng/L)\,,NUMERIC,
nhanesfull.csv:184,\laboratory\hydrocarbons\1-benzo[c] phenanthrene (ng/L)\,,NUMERIC,
nhanesfull.csv:262,\laboratory\hydrocarbons\3-fluoranthene (ng/L)\,,NUMERIC,
nhanesfull.csv:185,\laboratory\hydrocarbons\1-pyrene (ng/L)\,,NUMERIC,
nhanesfull.csv:186,\laboratory\hydrocarbons\2-benzo[c] phenanthrene (ng/L)\,,NUMERIC,
nhanesfull.csv:187,\laboratory\hydrocarbons\1-benzo[a] anthracene (ng/L)\,,NUMERIC,
nhanesfull.csv:188,\laboratory\hydrocarbons\6-chrysene (ng/L)\,,NUMERIC,
nhanesfull.csv:189,\laboratory\hydrocarbons\3-benzo[c] phenanthrene (ng/L)\,,NUMERIC,
nhanesfull.csv:190,\laboratory\hydrocarbons\3-chrysene (ng/L)\,,NUMERIC,
nhanesfull.csv:191,\laboratory\hydrocarbons\3-benz[a] anthracene (ng/L)\,,NUMERIC,
nhanesfull.csv:825,\laboratory\hydrocarbons\9-fluorene (ng/L)\,,TEXT,
nhanesfull.csv:910,\laboratory\hydrocarbons\9-phenanthrene\,,TEXT,
nhanesfull.csv:826,\laboratory\hydrocarbons\4-phenanthrene (ng/L)\,,TEXT,
nhanesfull.csv:827,\laboratory\hydrocarbons\1-chrysene (ng/L)\,,TEXT,
nhanesfull.csv:828,\laboratory\hydrocarbons\2-chrysene (ng/L)\,,TEXT,
nhanesfull.csv:829,\laboratory\hydrocarbons\4-chrysene (ng/L)\,,TEXT,
nhanesfull.csv:830,\laboratory\hydrocarbons\3-benzo(a) pyrene (ng/L)\,,TEXT,
nhanesfull.csv:244,\laboratory\pesticides\Paranitrophenol (ug/L) result\,,NUMERIC,
nhanesfull.csv:245,\laboratory\pesticides\Pentachlorophenol (ug/L) result\,,NUMERIC,
nhanesfull.csv:1141,\laboratory\pesticides\Primisulfuron methyl (ug/L)\,,TEXT,
nhanesfull.csv:919,\laboratory\phenols\Propyl paraben (ng/ml)\,,TEXT,
nhanesfull.csv:246,\laboratory\phenols\2-isopropoxyphenol (ug/L) result\,,NUMERIC,
nhanesfull.csv:1142,\laboratory\pesticides\Prosulfuron (ug/L)\,,TEXT,
nhanesfull.csv:933,\laboratory\pesticides\Propylenethio urea (ug/L)\,,TEXT,
nhanesfull.csv:1143,\laboratory\pesticides\Rimsulfuron (ug/L)\,,TEXT,
nhanesfull.csv:1152,\laboratory\perchlorate\Urinary thiocyanate (ng/mL)\,,TEXT,
nhanesfull.csv:934,\laboratory\pesticides\Desisopropryl atrazine (ug/L)\,,TEXT,
nhanesfull.csv:1144,\laboratory\pesticides\Sulfometuron methyl (ug/L)\,,TEXT,
nhanesfull.csv:1145,\laboratory\pesticides\Sulfosulfuron (ug/L)\,,TEXT,
nhanesfull.csv:251,\laboratory\pesticides\dichlorovnl-dimeth prop carboacid (ug/L)\,,NUMERIC,
nhanesfull.csv:1146,\laboratory\pesticides\Thifensulfuron methyl (ug/L)\,,TEXT,
nhanesfull.csv:1147,\laboratory\pesticides\Triasulfuron (ug/L)\,,TEXT,
nhanesfull.csv:1148,\laboratory\pesticides\Triflusulfuron methyl (ug/L)\,,TEXT,
nhanesfull.csv:785,\laboratory\pesticides\Urinary Triclosan (ng/mL)\,,TEXT,
nhanesfull.csv:769,\laboratory\heavy metals\Urinary Arsenobetaine (ug/L)\,,TEXT,
nhanesfull.csv:770,\laboratory\heavy metals\Urinary Arsenocholine (ug/L)\,,TEXT,
nhanesfull.csv:766,\laboratory\heavy metals\Urinary total Arsenic (ug/L)\,,TEXT,
nhanesfull.csv:767,\laboratory\heavy metals\Urinary Arsenous acid (ug/L)\,,TEXT,
nhanesfull.csv:768,\laboratory\heavy metals\Urinary Arsenic acid (ug/L)\,,TEXT,
nhanesfull.csv:44,\laboratory\heavy metals\Barium urine (ng/mL)\N,NUMERIC,
nhanesfull.csv:45,\laboratory\heavy metals\Beryllium urine (ng/mL)\N,NUMERIC,
nhanesfull.csv:46,\laboratory\heavy metals\Cadmium urine (ng/mL)\N,NUMERIC,
nhanesfull.csv:37,\laboratory\bacterial infection\Urinary Chlamydia\,,NUMERIC,
nhanesfull.csv:47,\laboratory\heavy metals\Cobalt urine (ng/mL)\N,NUMERIC,
nhanesfull.csv:226,\laboratory\biochemistry\Creatinine urine (mg/dL)\N,NUMERIC,
nhanesfull.csv:73,\laboratory\biochemistry\Creatinine urine (umol/L)\N,NUMERIC,
nhanesfull.csv:48,\laboratory\heavy metals\Cesium urine (ng/mL)\N,NUMERIC,
nhanesfull.csv:771,\laboratory\heavy metals\Urinary Dimethylarsonic acid (ug/L)\,,TEXT,
nhanesfull.csv:38,\laboratory\bacterial infection\Urinary Gonorrhea\,,NUMERIC,
nhanesfull.csv:61,\laboratory\heavy metals\Mercury urine (ng/mL)\N,NUMERIC,
nhanesfull.csv:774,\laboratory\heavy metals\Iodine urine (ng/mL)\T,NUMERIC,
nhanesfull.csv:74,\laboratory\biochemistry\Albumin urine (ug/mL)\N,NUMERIC,
nhanesfull.csv:75,\laboratory\biochemistry\Albumin urine (mg/L) SI\N,NUMERIC,
nhanesfull.csv:772,\laboratory\heavy metals\Urinary Monomethylacrsonic acid (ug/L)\,,TEXT,
nhanesfull.csv:49,\laboratory\heavy metals\Molybdenum urine (ng/mL)\N,NUMERIC,
nhanesfull.csv:895,\laboratory\biochemistry\Albumin urine (mg/L)\T,NUMERIC,
nhanesfull.csv:745,\laboratory\perchlorate\Perchlorate urine (ng/mL)\T,NUMERIC,
nhanesfull.csv:746,\laboratory\perchlorate\Urine perchlorate (ug per g creatinine)\,,TEXT,
nhanesfull.csv:50,\laboratory\heavy metals\Lead urine (ng/mL)\N,NUMERIC,
nhanesfull.csv:51,\laboratory\heavy metals\Platinum urine (ng/mL)\N,NUMERIC,
nhanesfull.csv:52,\laboratory\heavy metals\Antimony urine (ng/mL)\N,NUMERIC,
nhanesfull.csv:53,\laboratory\heavy metals\Thallium urine (ng/mL)\N,NUMERIC,
nhanesfull.csv:773,\laboratory\heavy metals\Urinary Trimethylarsine Oxide (ug/L)\,,TEXT,
nhanesfull.csv:54,\laboratory\heavy metals\Tungsten urine (ng/mL)\N,NUMERIC,
nhanesfull.csv:764,\laboratory\heavy metals\Uranium urine (ng/mL)\T,NUMERIC,
nhanesfull.csv:287,\questionnaire\housing\use water treatment\,,NUMERIC,
nhanesfull.csv:727,\questionnaire\disease\uterine_cancer_self_report\,,NUMERIC,
nhanesfull.csv:1012,\questionnaire\pharmaceutical\VALDECOXIB\,,TEXT,
nhanesfull.csv:694,\questionnaire\supplement use\VALINE_mg\,,NUMERIC,
nhanesfull.csv:382,\questionnaire\pharmaceutical\VALSARTAN\,,NUMERIC,
nhanesfull.csv:921,\laboratory\viral infection\Varicella antibody\,,TEXT,
nhanesfull.csv:1013,\questionnaire\pharmaceutical\VENLAFAXINE\,,TEXT,
nhanesfull.csv:974,\questionnaire\pharmaceutical\VENLAFAXINE_HYDROCHLORIDE\,,TEXT,
nhanesfull.csv:1006,\questionnaire\pharmaceutical\VERAPAMIL\,,TEXT,
nhanesfull.csv:320,\questionnaire\pharmaceutical\VERAPAMIL_HYDROCHLORIDE\,,NUMERIC,
nhanesfull.csv:646,\questionnaire\supplement use\VITAMIN_A_IU\,,NUMERIC,
nhanesfull.csv:1106,\questionnaire\supplement use\VITAMIN_A_mcg\,,TEXT,
nhanesfull.csv:1104,\questionnaire\supplement use\VITAMIN_A_mg\,,TEXT,
nhanesfull.csv:1105,\questionnaire\supplement use\VITAMIN_A_Unknown\,,TEXT,
nhanesfull.csv:644,\questionnaire\supplement use\VITAMIN_B_12_mcg\,,NUMERIC,
nhanesfull.csv:1102,\questionnaire\supplement use\VITAMIN_B_12_Unknown\,,TEXT,
nhanesfull.csv:643,\questionnaire\supplement use\VITAMIN_B_6_mg\,,NUMERIC,
nhanesfull.csv:1101,\questionnaire\supplement use\VITAMIN_B_6_Unknown\,,TEXT,
nhanesfull.csv:645,\questionnaire\supplement use\VITAMIN_C_mg\,,NUMERIC,
nhanesfull.csv:1103,\questionnaire\supplement use\VITAMIN_C_Unknown\,,TEXT,
nhanesfull.csv:986,\questionnaire\pharmaceutical\WARFARIN\,,TEXT,
nhanesfull.csv:321,\questionnaire\pharmaceutical\WARFARIN_SODIUM\,,NUMERIC,
nhanesfull.csv:1098,\questionnaire\food component recall\Well Water\,,TEXT,
nhanesfull.csv:2,\demographics\WTMEC2YR\,,NUMERIC,
nhanesfull.csv:6,\demographics\WTMEC4YR\,,NUMERIC,
nhanesfull.csv:1029,\questionnaire\pharmaceutical\ZOLPIDEM\,,TEXT,
nhanesfull.csv:970,\questionnaire\pharmaceutical\ZOLPIDEM_TARTRATE\,,TEXT,
